Sample	Gender	Pop
HG00171	female	EUR
HG00176	female	EUR
HG00183	male	EUR
HG00188	male	EUR
HG00190	male	EUR
HG00234	male	EUR
HG00239	female	EUR
HG00121	female	EUR
HG00126	male	EUR
HG00133	female	EUR
HG00138	male	EUR
HG00102	female	EUR
HG00107	male	EUR
HG00114	male	EUR
HG00119	male	EUR
HG00246	male	EUR
HG00253	female	EUR
HG00258	female	EUR
HG00260	male	EUR
HG00140	male	EUR
HG00145	male	EUR
HG00152	male	EUR
HG00157	male	EUR
HG00099	female	EUR
HG00479	female	EAS
HG00501	female	EAS
HG00513	female	EAS
HG00178	female	EUR
HG00525	female	EAS
HG00180	female	EUR
HG00532	male	EAS
HG00185	male	EUR
HG00537	female	EAS
HG00231	female	EUR
HG00366	male	EUR
HG00236	female	EUR
HG00373	female	EUR
HG00243	male	EUR
HG00378	female	EUR
HG00128	female	EUR
HG00380	female	EUR
HG00130	female	EUR
HG00405	female	EAS
HG00135	female	EUR
HG00544	female	EAS
HG00142	male	EUR
HG00551	female	AMR
HG00147	female	EUR
HG00556	male	EAS
HG00154	female	EUR
HG00582	female	EAS
HG00159	male	EUR
HG00304	female	EUR
HG00173	female	EUR
HG00309	female	EUR
HG00104	female	EUR
HG00311	male	EUR
HG00109	male	EUR
HG00323	female	EUR
HG00111	female	EUR
HG00328	female	EUR
HG00116	male	EUR
HG00330	female	EUR
HG00123	female	EUR
HG00429	male	EAS
HG00248	female	EUR
HG00436	male	EAS
HG00250	female	EUR
HG00443	female	EAS
HG00255	female	EUR
HG00448	male	EAS
HG00262	female	EUR
HG00450	female	EAS
HG00096	male	EUR
HG00474	male	EAS
HG00265	male	EUR
HG00272	female	EUR
HG00277	male	EUR
HG00284	male	EUR
HG00103	male	EUR
HG00553	male	AMR
HG00335	male	EUR
HG00108	male	EUR
HG00558	female	EAS
HG00342	male	EUR
HG00110	female	EUR
HG00560	female	EAS
HG00359	female	EUR
HG00115	male	EUR
HG00565	male	EAS
HG00361	female	EUR
HG00577	male	EAS
HG00594	male	EAS
HG00584	female	EAS
HG00599	female	EAS
HG00419	female	EAS
HG00607	male	EAS
HG00421	male	EAS
HG00638	female	AMR
HG00438	female	EAS
HG00640	male	AMR
HG00445	male	EAS
HG00652	female	EAS
HG00452	female	EAS
HG00657	female	EAS
HG00457	male	EAS
HG00664	male	EAS
HG00464	female	EAS
HG00671	male	EAS
HG00476	female	EAS
HG00614	female	EAS
HG00589	male	EAS
HG00619	male	EAS
HG00591	male	EAS
HG00621	male	EAS
HG00596	female	EAS
HG00626	female	EAS
HG00609	male	EAS
HG00633	male	EAS
HG00611	female	EAS
HG00676	male	EAS
HG00368	female	EUR
HG00683	male	EAS
HG00158	female	EUR
HG00375	male	EUR
HG00690	female	EAS
HG00160	male	EUR
HG00382	male	EUR
HG00703	male	EAS
HG00177	female	EUR
HG00407	female	EAS
HG01061	female	AMR
HG00189	male	EUR
HG00306	female	EUR
HG01066	male	AMR
HG00235	female	EUR
HG00313	female	EUR
HG01073	female	AMR
HG00242	male	EUR
HG00318	female	EUR
HG01080	female	AMR
HG00247	female	EUR
HG00320	female	EUR
HG01100	female	AMR
HG00254	female	EUR
HG00325	male	EUR
HG01105	female	AMR
HG00259	female	EUR
HG00332	female	EUR
HG01112	male	AMR
HG00261	female	EUR
HG00337	female	EUR
HG01028	male	EAS
HG00367	female	EUR
HG00344	female	EUR
HG01047	male	AMR
HG00379	female	EUR
HG00349	female	EUR
HG01054	male	AMR
HG00381	female	EUR
HG00351	male	EUR
HG00739	male	AMR
HG00406	male	EAS
HG00356	female	EUR
HG00741	female	AMR
HG00331	female	EUR
HG00267	male	EUR
HG00866	male	EAS
HG00336	male	EUR
HG00274	female	EUR
HG01085	male	AMR
HG00343	female	EUR
HG00281	female	EUR
HG01092	female	AMR
HG00350	female	EUR
HG00534	female	EAS
HG01097	male	AMR
HG00355	female	EUR
HG00717	female	EAS
HG00708	female	EAS
HG00362	female	EUR
HG00729	female	EAS
HG00734	female	AMR
HG00418	male	EAS
HG00731	male	AMR
HG01124	male	AMR
HG00420	male	EAS
HG00736	male	AMR
HG01131	female	AMR
HG00437	female	EAS
HG01063	male	AMR
HG01136	male	AMR
HG00444	male	EAS
HG01068	female	AMR
HG01148	male	AMR
HG00139	male	EUR
HG01070	female	AMR
HG01150	female	AMR
HG00141	male	EUR
HG01075	male	AMR
HG01364	female	AMR
HG00146	female	EUR
HG01082	male	AMR
HG01369	female	AMR
HG00153	female	EUR
HG00983	male	EAS
HG01376	female	AMR
HG00266	female	EUR
HG01049	female	AMR
HG01383	male	AMR
HG00273	male	EUR
HG01051	male	AMR
HG01390	female	AMR
HG00278	male	EUR
HG01056	male	AMR
HG01249	female	AMR
HG00280	male	EUR
HG00623	female	EAS
HG01251	female	AMR
HG00285	female	EUR
HG00628	male	EAS
HG01256	male	AMR
HG00122	female	EUR
HG00630	male	EAS
HG01162	female	AMR
HG00127	female	EUR
HG00635	female	EAS
HG01167	male	AMR
HG00134	female	EUR
HG00685	male	EAS
HG01174	female	AMR
HG00312	male	EUR
HG00692	male	EAS
HG01275	female	AMR
HG00324	female	EUR
HG00700	female	EAS
HG01302	male	AMR
HG00329	male	EUR
HG00705	female	EAS
HG01326	female	AMR
HG00502	male	EAS
HG01107	male	AMR
HG01345	female	AMR
HG00514	female	EAS
HG01114	female	AMR
HG01352	female	AMR
HG00526	male	EAS
HG01119	female	AMR
HG01357	female	AMR
HG00533	male	EAS
HG01121	male	AMR
HG01198	female	AMR
HG00538	male	EAS
HG00642	male	AMR
HG01206	male	AMR
HG00634	male	EAS
HG00654	female	EAS
HG01395	male	AMR
HG00639	female	AMR
HG00673	male	EAS
HG01403	female	AMR
HG00641	female	AMR
HG01087	female	AMR
HG01491	male	AMR
HG00653	male	EAS
HG01094	male	AMR
HG01496	female	AMR
HG00658	male	EAS
HG01099	male	AMR
HG01504	female	EUR
HG00672	female	EAS
HG01102	female	AMR
HG01597	female	EAS
HG00583	male	EAS
HG00743	female	AMR
HG01600	female	EAS
HG00590	female	EAS
HG00844	male	EAS
HG01605	female	EUR
HG00595	male	EAS
HG00851	female	EAS
HG01509	male	EUR
HG00608	female	EAS
HG01164	male	AMR
HG01511	female	EUR
HG00610	male	EAS
HG01169	female	AMR
HG01516	female	EUR
HG00742	male	AMR
HG01171	female	AMR
HG01523	male	EUR
HG00759	female	EAS
HG01176	male	AMR
HG01415	female	AMR
HG00766	female	EAS
HG01183	female	AMR
HG01439	female	AMR
HG00867	female	EAS
HG01188	female	AMR
HG01441	female	AMR
HG00879	female	EAS
HG01190	male	AMR
HG01566	female	AMR
HG00881	male	EAS
HG01311	male	AMR
HG01573	female	AMR
HG00684	female	EAS
HG01323	female	AMR
HG01578	female	AMR
HG00689	male	EAS
HG01342	female	AMR
HG01612	female	EUR
HG00691	male	EAS
HG01347	male	AMR
HG01617	male	EUR
HG00704	male	EAS
HG01354	female	AMR
HG01624	male	EUR
HG00449	female	EAS
HG01359	male	AMR
HG01477	female	AMR
HG00451	male	EAS
HG01361	female	AMR
HG01484	female	AMR
HG00463	male	EAS
HG01366	female	AMR
HG01489	female	AMR
HG00475	male	EAS
HG01253	male	AMR
HG01453	female	AMR
HG00709	male	EAS
HG01258	male	AMR
HG01465	female	AMR
HG00716	male	EAS
HG01260	female	AMR
HG01528	female	EUR
HG00728	male	EAS
HG01272	female	AMR
HG01530	male	EUR
HG00730	female	EAS
HG01126	male	AMR
HG01782	female	EUR
HG00735	female	AMR
HG01133	male	AMR
HG01787	female	EUR
HG00552	male	AMR
HG01138	male	AMR
HG01794	female	EAS
HG00557	female	EAS
HG01140	female	AMR
HG01629	male	EUR
HG00615	female	EAS
HG01378	female	AMR
HG01631	male	EUR
HG00622	male	EAS
HG01385	female	AMR
HG01667	male	EUR
HG00627	male	EAS
HG01392	male	AMR
HG01674	male	EUR
HG00956	female	EAS
HG01397	female	AMR
HG01768	female	EUR
HG00982	male	EAS
HG01405	male	AMR
HG01770	female	EUR
HG01029	female	EAS
HG01412	male	AMR
HG01775	male	EUR
HG01031	male	EAS
HG01277	male	AMR
HG01679	female	EUR
HG01048	male	AMR
HG01284	female	AMR
HG01681	female	EUR
HG01050	female	AMR
HG01195	female	AMR
HG01686	male	EUR
HG01055	female	AMR
HG01241	male	AMR
HG01756	male	EUR
HG01168	female	AMR
HG01493	female	AMR
HG01763	female	EUR
HG01170	male	AMR
HG01498	female	AMR
HG01852	male	EAS
HG01175	female	AMR
HG01501	female	EUR
HG01857	female	EAS
HG01182	male	AMR
HG01506	male	EUR
HG01864	male	EAS
HG01252	male	AMR
HG01532	male	EUR
HG01799	female	EAS
HG01257	female	AMR
HG01537	female	EUR
HG01802	female	EAS
HG01269	female	AMR
HG01551	female	AMR
HG01807	female	EAS
HG01271	male	AMR
HG01556	male	AMR
HG01698	male	EUR
HG01062	female	AMR
HG01513	female	EUR
HG01701	male	EUR
HG01067	female	AMR
HG01518	male	EUR
HG01706	female	EUR
HG01074	male	AMR
HG01520	female	EUR
HG01840	male	EAS
HG01079	male	AMR
HG01525	female	EUR
HG01845	female	EAS
HG01101	male	AMR
HG01614	female	EUR
HG01953	male	AMR
HG01106	male	AMR
HG01619	male	EUR
HG01958	female	AFR
HG01113	female	AMR
HG01621	male	EUR
HG01960	female	AFR
HG01125	female	AMR
HG01626	female	EUR
HG01965	female	AMR
HG01137	female	AMR
HG01599	female	EAS
HG01984	male	AMR
HG01149	female	AMR
HG01602	female	EUR
HG01989	female	AFR
HG01081	female	AMR
HG01607	female	EUR
HG01991	male	AMR
HG01086	female	AMR
HG01474	female	AMR
HG01883	female	AFR
HG01098	female	AMR
HG01479	male	AMR
HG01888	male	AFR
HG01276	female	AMR
HG01481	female	AMR
HG01890	male	AFR
HG01303	female	AMR
HG01486	female	AMR
HG01895	male	AFR
HG01187	male	AMR
HG01455	male	AMR
HG01927	female	AMR
HG01199	male	AMR
HG01462	female	AMR
HG01934	male	AMR
HG01365	male	AMR
HG01431	male	AMR
HG01939	female	AMR
HG01372	female	AMR
HG01443	male	AMR
HG01915	female	AFR
HG01377	male	AMR
HG01594	male	SAS
HG01922	female	AMR
HG01384	female	AMR
HG01784	female	EUR
HG02002	male	AMR
HG01389	male	AMR
HG01789	male	EUR
HG02014	male	AFR
HG01391	female	AMR
HG01791	male	EUR
HG01972	female	AMR
HG01308	male	AMR
HG01796	female	EAS
HG01977	male	AMR
HG01322	male	AMR
HG01633	male	EUR
HG01941	male	AMR
HG01327	male	AMR
HG01669	male	EUR
HG01946	male	AMR
HG01334	male	EUR
HG01671	male	EUR
HG01869	female	EAS
HG01341	male	AMR
HG01676	female	EUR
HG01871	female	EAS
HG01492	female	AMR
HG01710	female	EUR
HG02141	male	EAS
HG01497	male	AMR
HG01746	female	EUR
HG02146	male	AMR
HG01500	male	EUR
HG01765	male	EUR
HG02153	female	EAS
HG01505	male	EUR
HG01816	male	EAS
HG02083	male	EAS
HG01447	female	AMR
HG01842	male	EAS
HG02088	male	EAS
HG01454	female	AMR
HG01847	female	EAS
HG02090	male	AMR
HG01459	female	AMR
HG01859	female	EAS
HG02064	male	EAS
HG01461	male	AMR
HG01861	male	EAS
HG02069	female	EAS
HG01466	female	AMR
HG01866	male	EAS
HG02071	male	EAS
HG01346	female	AMR
HG01772	female	EUR
HG02076	male	EAS
HG01353	male	AMR
HG01777	male	EUR
HG02095	female	AFR
HG01358	male	AMR
HG01804	female	EAS
HG02108	female	AFR
HG01360	female	AMR
HG01809	female	EAS
HG02122	male	EAS
HG01512	male	EUR
HG01811	male	EAS
HG02040	male	EAS
HG01517	female	EUR
HG01683	male	EUR
HG02052	female	AFR
HG01524	male	EUR
HG01695	female	EUR
HG02057	female	EAS
HG01396	female	AMR
HG01703	male	EUR
HG02019	female	EAS
HG01404	female	AMR
HG01708	male	EUR
HG02021	male	EAS
HG01411	male	AMR
HG02004	female	AMR
HG02026	male	EAS
HG01473	male	AMR
HG02009	male	AFR
HG02127	female	EAS
HG01480	female	AMR
HG02011	male	AFR
HG02134	male	EAS
HG01485	male	AMR
HG02016	female	EAS
HG02139	female	EAS
HG01435	female	AMR
HG01885	male	AFR
HG02184	female	EAS
HG01442	male	AMR
HG01892	male	AMR
HG02189	female	EAS
HG01567	female	AMR
HG01897	male	AFR
HG02165	female	EAS
HG01579	male	AMR
HG01912	male	AFR
HG02266	female	AMR
HG01586	male	SAS
HG01917	male	AMR
HG02273	female	AMR
HG01593	female	SAS
HG01924	female	AMR
HG02278	female	AMR
HG01529	male	EUR
HG01986	male	AFR
HG02280	female	AFR
HG01531	female	EUR
HG01993	female	AMR
HG02398	male	EAS
HG01536	male	EUR
HG01998	male	AMR
HG02401	male	EAS
HG01550	male	AMR
HG01873	male	EAS
HG02406	male	EAS
HG01613	female	EUR
HG01878	female	EAS
HG02420	male	AFR
HG01618	female	EUR
HG01880	female	AFR
HG02367	male	EAS
HG01620	female	EUR
HG01943	male	AMR
HG02374	male	EAS
HG01625	male	EUR
HG01948	female	AMR
HG02379	male	EAS
HG01598	female	EAS
HG01950	male	AMR
HG02381	male	EAS
HG01601	male	EUR
HG01974	male	AMR
HG02285	male	AMR
HG01606	male	EUR
HG01979	male	AMR
HG02292	female	AMR
HG01632	female	EUR
HG01981	female	AMR
HG02300	male	AMR
HG01668	female	EUR
HG01955	female	AMR
HG02343	male	AFR
HG01670	female	EUR
HG01967	male	AMR
HG02348	female	AMR
HG01675	male	EUR
HG01936	female	AMR
HG02355	male	EAS
HG01682	male	EUR
HG02143	male	AFR
HG02254	female	AMR
HG01687	female	EUR
HG02148	female	AMR
HG02259	male	AMR
HG01694	male	EUR
HG02150	male	AMR
HG02261	male	AMR
HG01699	male	EUR
HG02155	female	EAS
HG02223	female	EUR
HG01702	female	EUR
HG02047	male	EAS
HG02230	female	EUR
HG01707	female	EUR
HG02054	female	AFR
HG02235	female	EUR
HG01769	female	EUR
HG02059	female	EAS
HG02312	female	AMR
HG01771	male	EUR
HG02023	male	EAS
HG02317	male	AFR
HG01776	female	EUR
HG02028	female	EAS
HG02386	male	EAS
HG01757	female	EUR
HG02030	male	EAS
HG02588	male	AFR
HG01764	female	EUR
HG02035	male	EAS
HG02590	male	AFR
HG01815	female	EAS
HG02186	female	EAS
HG02595	female	AFR
HG01841	female	EAS
HG02218	female	EUR
HG02603	male	SAS
HG01846	male	EAS
HG02220	female	EUR
HG02494	female	SAS
HG01783	male	EUR
HG02078	female	EAS
HG02502	female	AFR
HG01790	female	EUR
HG02080	female	EAS
HG02425	female	AMR
HG01795	female	EAS
HG02085	male	EAS
HG02449	male	AFR
HG01884	female	AFR
HG02129	male	EAS
HG02451	female	AFR
HG01889	female	AFR
HG02131	male	EAS
HG02569	male	AFR
HG01891	female	AFR
HG02136	female	EAS
HG02571	female	AFR
HG01896	female	AFR
HG02061	male	EAS
HG02583	female	AFR
HG01916	female	AFR
HG02073	male	EAS
HG02610	male	AFR
HG01923	male	AMR
HG02105	female	AMR
HG02615	female	AFR
HG01853	female	EAS
HG02179	female	EAS
HG02622	female	AFR
HG01858	female	EAS
HG02181	female	EAS
HG02514	male	EAS
HG01860	male	EAS
HG02383	male	EAS
HG02521	male	EAS
HG01865	male	EAS
HG02388	male	EAS
HG02526	female	EAS
HG01928	male	AMR
HG02390	male	EAS
HG02463	male	AFR
HG01935	male	AMR
HG02395	male	EAS
HG02470	male	AFR
HG01942	female	AMR
HG02287	female	AMR
HG02634	male	AFR
HG01947	male	AMR
HG02299	male	AMR
HG02646	female	AFR
HG01808	female	EAS
HG02302	male	AMR
HG02545	male	AFR
HG01810	male	EAS
HG02307	male	AFR
HG02557	male	AFR
HG01872	male	EAS
HG02314	male	AFR
HG02704	female	AFR
HG02003	female	AMR
HG02321	female	AFR
HG02716	female	AFR
HG02008	male	AMR
HG02225	female	EUR
HG02723	female	AFR
HG02010	female	AFR
HG02232	female	EUR
HG02728	female	SAS
HG02015	male	EAS
HG02237	female	EUR
HG02735	male	SAS
HG02091	female	AMR
HG02275	female	AMR
HG02759	male	AFR
HG02104	male	AMR
HG02282	female	AFR
HG02761	female	AFR
HG02111	female	AFR
HG02408	male	EAS
HG02689	male	SAS
HG02116	male	EAS
HG02410	male	EAS
HG02691	female	SAS
HG02077	male	EAS
HG02415	female	AMR
HG02696	male	SAS
HG02084	female	EAS
HG02364	male	EAS
HG02677	female	AFR
HG02089	female	AMR
HG02371	male	EAS
HG02684	male	SAS
HG01954	female	AMR
HG02256	female	AFR
HG02653	female	SAS
HG01959	female	AFR
HG02345	female	AMR
HG02658	female	SAS
HG01961	male	AMR
HG02629	female	AFR
HG02660	male	SAS
HG01985	female	AFR
HG02636	male	AFR
HG02780	male	SAS
HG01992	female	AMR
HG02643	female	AFR
HG02785	female	SAS
HG01997	female	AMR
HG02648	male	SAS
HG02792	male	SAS
HG01973	female	AMR
HG02650	male	SAS
HG02800	male	AFR
HG01978	female	AMR
HG02605	female	SAS
HG02805	female	AFR
HG01980	female	AMR
HG02612	male	AFR
HG02812	male	AFR
HG02058	male	EAS
HG02624	female	AFR
HG02773	male	AFR
HG02060	female	EAS
HG02547	male	AFR
HG02778	female	SAS
HG02072	female	EAS
HG02554	male	AFR
HG02817	female	AFR
HG02046	female	EAS
HG02559	female	AFR
HG02836	male	AFR
HG02053	male	AFR
HG02561	male	AFR
HG02982	male	AFR
HG02027	male	EAS
HG02489	male	AFR
HG03012	male	SAS
HG02142	female	EAS
HG02491	female	SAS
HG03017	male	SAS
HG02147	female	AMR
HG02496	male	AFR
HG02855	female	AFR
HG02154	female	EAS
HG02465	female	AFR
HG02862	female	AFR
HG02267	female	AMR
HG02477	female	AFR
HG02879	female	AFR
HG02274	male	AMR
HG02484	male	AFR
HG02881	male	AFR
HG02279	male	AMR
HG02573	male	AFR
HG03048	male	AFR
HG02281	male	AFR
HG02580	female	AFR
HG03050	male	AFR
HG02250	male	EAS
HG02585	male	AFR
HG03055	female	AFR
HG02255	male	AFR
HG02511	female	AFR
HG02968	male	AFR
HG02262	male	AMR
HG02523	female	EAS
HG02970	female	AFR
HG02286	female	AMR
HG02597	male	SAS
HG02975	male	AFR
HG02293	female	AMR
HG02600	male	SAS
HG03079	female	AFR
HG02298	female	AMR
HG02427	female	AFR
HG03081	male	AFR
HG02301	female	AMR
HG02439	male	AFR
HG03086	female	AFR
HG02224	male	EUR
HG02667	female	AFR
HG03024	male	AFR
HG02229	female	EUR
HG02679	female	AFR
HG03029	male	AFR
HG02231	male	EUR
HG02681	male	SAS
HG03062	male	AFR
HG02236	male	EUR
HG02686	male	SAS
HG03074	male	AFR
HG02128	male	EAS
HG02763	female	AFR
HG02944	male	AFR
HG02130	female	EAS
HG02768	male	AFR
HG02886	female	AFR
HG02135	male	EAS
HG02770	female	AFR
HG03163	male	AFR
HG02166	female	EAS
HG02775	female	SAS
HG03168	female	AFR
HG02173	female	EAS
HG02819	male	AFR
HG03170	male	AFR
HG02178	female	EAS
HG02821	male	AFR
HG03175	male	AFR
HG02180	female	EAS
HG02838	male	AFR
HG03238	female	SAS
HG02185	female	EAS
HG02840	female	AFR
HG03240	male	AFR
HG02217	female	EUR
HG02852	female	AFR
HG03303	female	AFR
HG02318	female	AFR
HG02787	female	SAS
HG03308	male	AFR
HG02464	male	AFR
HG02794	male	SAS
HG03310	female	AFR
HG02471	female	AFR
HG02799	female	AFR
HG03339	female	AFR
HG02476	female	AFR
HG02737	female	SAS
HG03118	male	AFR
HG02325	female	AFR
HG02756	male	AFR
HG03120	male	AFR
HG02332	male	AFR
HG02655	female	SAS
HG03125	female	AFR
HG02337	female	AFR
HG02662	female	SAS
HG03194	male	AFR
HG02344	male	AMR
HG02807	male	AFR
HG03199	male	AFR
HG02351	male	EAS
HG02814	female	AFR
HG03202	male	AFR
HG02399	male	EAS
HG02698	male	SAS
HG03271	male	AFR
HG02402	male	EAS
HG02701	male	SAS
HG03295	male	AFR
HG02407	male	EAS
HG02725	female	SAS
HG03132	female	AFR
HG02419	female	AFR
HG02883	male	AFR
HG03137	male	AFR
HG02356	male	EAS
HG02888	female	AFR
HG03098	male	AFR
HG02363	male	EAS
HG02890	male	AFR
HG03101	male	AFR
HG02375	male	EAS
HG02895	male	AFR
HG03113	female	AFR
HG02382	male	EAS
HG02922	female	AFR
HG03269	male	AFR
HG02387	male	EAS
HG03019	female	SAS
HG03473	female	AFR
HG02394	male	EAS
HG03021	male	SAS
HG03478	male	AFR
HG02541	male	AFR
HG03026	female	AFR
HG03480	female	AFR
HG02546	female	AFR
HG03033	male	AFR
HG03485	female	AFR
HG02558	female	AFR
HG03040	female	AFR
HG03454	male	AFR
HG02508	female	AFR
HG02984	male	AFR
HG03459	male	AFR
HG02522	female	EAS
HG03007	female	SAS
HG03461	female	AFR
HG02490	male	SAS
HG03045	male	AFR
HG03466	male	AFR
HG02495	female	SAS
HG03052	female	AFR
HG03428	female	AFR
HG02433	male	AFR
HG03057	male	AFR
HG03442	male	AFR
HG02445	male	AFR
HG02939	male	AFR
HG03517	female	AFR
HG02717	male	AFR
HG02941	male	AFR
HG03548	female	AFR
HG02724	male	SAS
HG02946	female	AFR
HG03372	female	AFR
HG02628	male	AFR
HG02953	male	AFR
HG03384	female	AFR
HG02630	female	AFR
HG03064	female	AFR
HG03567	female	AFR
HG02635	female	AFR
HG03069	male	AFR
HG03574	male	AFR
HG02642	male	AFR
HG03076	female	AFR
HG03391	male	AFR
HG02647	male	AFR
HG02965	male	AFR
HG03411	female	AFR
HG02604	female	SAS
HG02972	male	AFR
HG03492	male	SAS
HG02611	female	AFR
HG02977	male	AFR
HG03341	female	AFR
HG02623	male	AFR
HG02869	male	AFR
HG03365	male	AFR
HG02685	female	SAS
HG02871	female	AFR
HG03644	male	SAS
HG02692	female	SAS
HG03088	female	AFR
HG03649	male	SAS
HG02697	female	SAS
HG03095	female	AFR
HG03651	male	SAS
HG02700	female	SAS
HG03228	male	SAS
HG03656	female	SAS
HG02666	male	AFR
HG03230	female	SAS
HG03702	male	SAS
HG02678	male	AFR
HG03235	female	SAS
HG03707	male	SAS
HG02680	female	AFR
HG03242	male	AFR
HG03714	female	SAS
HG02572	male	AFR
HG03103	male	AFR
HG03733	female	SAS
HG02577	female	AFR
HG03108	female	AFR
HG03738	male	SAS
HG02584	male	AFR
HG03110	female	AFR
HG03740	male	SAS
HG02654	male	SAS
HG03115	male	AFR
HG03745	male	SAS
HG02659	female	SAS
HG03247	female	AFR
HG03752	female	SAS
HG02661	female	SAS
HG03259	female	AFR
HG03579	male	AFR
HG02729	male	SAS
HG03266	female	AFR
HG03593	male	SAS
HG02731	female	SAS
HG03134	male	AFR
HG03598	female	SAS
HG02736	male	SAS
HG03139	male	AFR
HG03663	male	SAS
HG02589	female	AFR
HG03158	female	AFR
HG03668	female	SAS
HG02596	male	AFR
HG03160	male	AFR
HG03682	male	SAS
HG02983	female	AFR
HG03191	male	AFR
HG03687	male	SAS
HG03006	male	SAS
HG03196	male	AFR
HG03694	male	SAS
HG02818	female	AFR
HG03209	male	AFR
HG03699	male	SAS
HG02820	female	AFR
HG03280	male	AFR
HG03620	female	SAS
HG02837	female	AFR
HG03297	female	AFR
HG03625	female	SAS
HG02851	male	AFR
HG03300	female	AFR
HG03606	male	SAS
HG02762	male	AFR
HG03172	male	AFR
HG03618	male	SAS
HG02774	male	SAS
HG03189	female	AFR
HG03719	female	SAS
HG02779	male	SAS
HG03122	male	AFR
HG03721	female	SAS
HG02798	male	AFR
HG03127	male	AFR
HG03757	female	SAS
HG02806	female	AFR
HG03305	female	AFR
HG03769	male	SAS
HG02813	male	AFR
HG03312	female	AFR
HG03771	male	SAS
HG02964	female	AFR
HG03519	male	AFR
HG03790	male	SAS
HG02969	female	AFR
HG03521	male	AFR
HG03795	male	SAS
HG02971	male	AFR
HG03538	male	AFR
HG03803	male	SAS
HG02976	female	AFR
HG03540	female	AFR
HG03904	female	SAS
HG02781	female	SAS
HG03557	female	AFR
HG03909	male	SAS
HG02786	male	SAS
HG03432	male	AFR
HG03911	male	SAS
HG02793	female	SAS
HG03437	female	AFR
HG03884	female	SAS
HG02938	male	AFR
HG03449	female	AFR
HG03896	male	SAS
HG02945	female	AFR
HG03451	male	AFR
HG03808	female	SAS
HG02952	female	AFR
HG03343	male	AFR
HG03815	male	SAS
HG02882	female	AFR
HG03350	male	AFR
HG03783	male	SAS
HG02887	male	AFR
HG03362	male	AFR
HG03788	male	SAS
HG02856	male	AFR
HG03367	male	AFR
HG03858	female	SAS
HG02870	female	AFR
HG03564	female	AFR
HG03872	male	SAS
HG03164	female	AFR
HG03569	female	AFR
HG03822	male	SAS
HG03169	male	AFR
HG03571	male	AFR
HG03834	female	SAS
HG03171	female	AFR
HG03576	female	AFR
HG03846	male	SAS
HG03176	male	AFR
HG03470	female	AFR
HG03978	male	SAS
HG03018	male	SAS
HG03487	male	SAS
HG03985	male	SAS
HG03025	female	AFR
HG03393	female	AFR
HG03992	male	SAS
HG03049	female	AFR
HG03398	female	AFR
HG03916	female	SAS
HG03056	male	AFR
HG03401	female	AFR
HG03928	female	SAS
HG03119	female	AFR
HG03499	female	AFR
HG03930	female	SAS
HG03121	female	AFR
HG03514	female	AFR
HG03942	male	SAS
HG03126	female	AFR
HG03374	female	AFR
HG03947	female	SAS
HG03190	male	AFR
HG03381	female	AFR
HG04003	male	SAS
HG03195	female	AFR
HG03456	male	AFR
HG04015	male	SAS
HG03203	female	AFR
HG03468	male	AFR
HG04022	male	SAS
HG03099	female	AFR
HG03704	female	SAS
HG04135	female	SAS
HG03107	female	AFR
HG03709	female	SAS
HG04142	female	SAS
HG03114	female	AFR
HG03711	male	SAS
HG04147	female	SAS
HG03133	male	AFR
HG03716	male	SAS
HG04058	male	SAS
HG03140	female	AFR
HG03646	male	SAS
HG04060	male	SAS
HG03157	male	AFR
HG03653	female	SAS
HG04096	male	SAS
HG03063	male	AFR
HG03660	male	SAS
HG04039	male	SAS
HG03082	female	AFR
HG03583	female	AFR
HG04053	male	SAS
HG03234	male	SAS
HG03590	male	SAS
HG03973	female	SAS
HG03239	female	SAS
HG03595	female	SAS
HG04128	male	SAS
HG03241	female	AFR
HG03689	female	SAS
NA06985	female	EUR
HG03246	male	AFR
HG03691	male	SAS
NA06997	female	EUR
HG03258	male	AFR
HG03696	male	SAS
NA07022	male	EUR
HG03260	male	AFR
HG03634	female	SAS
NA07034	male	EUR
HG03265	male	AFR
HG03639	male	SAS
NA12045	male	EUR
HG03342	female	AFR
HG03641	male	SAS
NA12057	female	EUR
HG03354	female	AFR
HG03672	male	SAS
NA12146	male	EUR
HG03361	male	AFR
HG03684	female	SAS
NA10859	female	EUR
HG03366	female	AFR
HG03603	male	SAS
NA10861	female	EUR
HG03373	male	AFR
HG03615	male	SAS
NA11840	female	EUR
HG03378	female	AFR
HG03742	male	SAS
NA10842	male	EUR
HG03380	female	AFR
HG03754	female	SAS
NA10847	female	EUR
HG03304	male	AFR
HG03723	female	SAS
NA10854	female	EUR
HG03309	female	AFR
HG03730	female	SAS
HG04217	female	SAS
HG03311	male	AFR
HG03824	male	SAS
HG04229	male	SAS
HG03272	female	AFR
HG03829	female	SAS
HG04301	female	EUR
HG03291	female	AFR
HG03831	female	SAS
HG04197	female	SAS
HG03296	male	AFR
HG03836	female	SAS
HG04200	female	SAS
HG03431	female	AFR
HG03792	male	SAS
HG04212	female	SAS
HG03436	male	AFR
HG03797	male	SAS
NA07349	male	EUR
HG03450	female	AFR
HG03800	male	SAS
NA10830	male	EUR
HG03455	female	AFR
HG03879	male	SAS
NA10835	male	EUR
HG03462	male	AFR
HG03886	female	SAS
HG04180	female	SAS
HG03385	male	AFR
HG03898	female	SAS
HG04185	male	SAS
HG03397	male	AFR
HG03761	male	SAS
HG04192	female	SAS
HG03621	male	SAS
HG03766	male	SAS
HG04159	female	SAS
HG03626	female	SAS
HG03773	male	SAS
HG04161	male	SAS
HG03633	male	SAS
HG03901	female	SAS
HG04173	male	SAS
HG03638	female	SAS
HG03906	male	SAS
NA12761	female	EUR
HG03640	female	SAS
HG03913	female	SAS
NA12766	male	EUR
HG03518	male	AFR
HG03862	female	SAS
NA12778	female	EUR
HG03520	female	AFR
HG03867	male	SAS
NA12812	male	EUR
HG03549	female	AFR
HG03874	female	SAS
NA12817	male	EUR
HG03556	male	AFR
HG03805	female	SAS
NA12829	male	EUR
HG03599	female	SAS
HG03812	male	SAS
NA12843	female	EUR
HG03602	male	SAS
HG03817	female	SAS
NA12874	male	EUR
HG03607	female	SAS
HG03778	male	SAS
NA18485	male	AFR
HG03619	female	SAS
HG03780	female	SAS
NA12348	female	EUR
HG03582	male	AFR
HG03785	male	SAS
NA12386	female	EUR
HG03587	female	SAS
HG03848	male	SAS
NA12413	male	EUR
HG03594	male	SAS
HG03850	male	SAS
NA12716	male	EUR
HG03645	female	SAS
HG03937	female	SAS
NA18543	male	EAS
HG03652	male	SAS
HG03944	female	SAS
NA18548	male	EAS
HG03657	male	SAS
HG03949	female	SAS
NA18550	female	EAS
HG03486	female	AFR
HG03951	female	SAS
NA18555	female	EAS
HG03493	female	AFR
HG04062	female	SAS
NA18562	male	EAS
HG03513	male	AFR
HG04067	female	SAS
NA12273	female	EUR
HG03563	female	AFR
HG04093	male	SAS
NA12329	female	EUR
HG03575	female	AFR
HG04098	male	SAS
NA12336	female	EUR
HG03474	male	AFR
HG04106	female	SAS
NA12343	female	EUR
HG03479	female	AFR
HG04118	female	SAS
NA18497	male	AFR
HG03669	female	SAS
HG04132	female	SAS
NA18500	male	AFR
HG03683	female	SAS
HG04017	male	SAS
NA18505	female	AFR
HG03703	female	SAS
HG04024	female	SAS
NA18517	female	AFR
HG03708	male	SAS
HG04029	female	SAS
NA18606	male	EAS
HG03710	male	SAS
HG04144	female	SAS
NA18613	male	EAS
HG03715	male	SAS
HG04149	male	SAS
NA18618	female	EAS
HG03760	female	SAS
HG04151	female	SAS
NA18620	male	EAS
HG03765	female	SAS
HG03920	male	SAS
NA18567	female	EAS
HG03772	female	SAS
HG03925	female	SAS
NA18574	female	EAS
HG03804	female	SAS
HG04036	female	SAS
NA18579	female	EAS
HG03809	male	SAS
HG04050	female	SAS
NA18593	female	EAS
HG03811	female	SAS
HG04055	male	SAS
NA18531	female	EAS
HG03816	female	SAS
HG03963	male	SAS
NA18536	male	EAS
HG03823	female	SAS
HG03968	female	SAS
NA18916	female	AFR
HG03830	male	SAS
HG03982	male	SAS
NA18923	male	AFR
HG03835	female	SAS
HG03999	male	SAS
NA18930	female	AFR
HG03688	male	SAS
NA06994	male	EUR
NA18935	male	AFR
HG03690	female	SAS
NA07000	female	EUR
NA18942	female	EAS
HG03695	male	SAS
NA07029	male	EUR
NA18795	female	EAS
HG03789	female	SAS
NA07031	female	EUR
NA18853	male	AFR
HG03796	female	SAS
NA07048	male	EUR
NA18858	female	AFR
HG03722	female	SAS
NA11931	female	EUR
NA18860	male	AFR
HG03727	male	SAS
NA11993	female	EUR
NA18865	male	AFR
HG03741	female	SAS
NA12004	female	EUR
NA18872	male	AFR
HG03746	male	SAS
NA12155	male	EUR
NA18877	male	AFR
HG03753	male	SAS
NA10863	female	EUR
NA18909	female	AFR
HG03777	male	SAS
NA11830	female	EUR
NA18911	male	AFR
HG03784	female	SAS
NA11892	female	EUR
NA18644	female	EAS
HG03931	female	SAS
NA11917	male	EUR
NA18740	male	EAS
HG03943	male	SAS
NA07055	female	EUR
NA18745	male	EAS
HG03948	female	SAS
NA07346	female	EUR
NA18757	male	EAS
HG03950	male	SAS
NA07435	male	EUR
NA18625	female	EAS
HG03917	male	SAS
NA10837	male	EUR
NA18632	male	EAS
HG03924	female	SAS
NA10851	male	EUR
NA18637	male	EAS
HG03929	male	SAS
NA10856	male	EUR
NA18978	female	EAS
HG03900	male	SAS
HG04199	male	SAS
NA18980	female	EAS
HG03905	male	SAS
HG04202	female	SAS
NA18985	male	EAS
HG03955	female	SAS
HG04214	female	SAS
NA18961	male	EAS
HG03967	male	SAS
HG04182	male	SAS
NA18966	male	EAS
HG03974	male	SAS
HG04187	male	SAS
NA18973	female	EAS
HG03885	male	SAS
HG04194	male	SAS
NA18992	female	EAS
HG03897	female	SAS
HG04219	male	SAS
NA18997	female	EAS
HG03861	female	SAS
HG04238	male	SAS
NA19003	female	EAS
HG03866	male	SAS
HG04303	female	EUR
NA18947	female	EAS
HG03873	female	SAS
HG04156	female	SAS
NA18954	female	EAS
HG03842	female	SAS
HG04175	female	SAS
NA18959	male	EAS
HG03847	male	SAS
NA12376	female	EUR
NA19142	male	AFR
HG03854	male	SAS
NA12383	female	EUR
NA19147	female	AFR
HG03986	female	SAS
NA12489	female	EUR
NA19154	male	AFR
HG03998	male	SAS
NA12718	female	EUR
NA19159	female	AFR
HG04023	male	SAS
NA12749	female	EUR
NA19161	male	AFR
NA06986	male	EUR
NA12751	female	EUR
NA19166	female	AFR
NA06993	male	EUR
NA12249	female	EUR
NA19109	female	AFR
HG04035	female	SAS
NA12275	female	EUR
NA19116	female	AFR
HG04042	female	SAS
NA12282	male	EUR
NA19123	male	AFR
HG04047	female	SAS
NA12287	female	EUR
NA19128	male	AFR
HG04054	female	SAS
NA12340	male	EUR
NA19130	male	AFR
HG04155	male	SAS
NA18499	female	AFR
NA19173	male	AFR
HG04162	female	SAS
NA18502	female	AFR
NA19185	female	AFR
HG04174	female	SAS
NA18507	male	AFR
NA19197	female	AFR
HG04181	female	SAS
NA18519	male	AFR
NA19200	male	AFR
HG04186	female	SAS
NA18521	male	AFR
NA19089	male	EAS
HG04193	male	SAS
NA12864	male	EUR
NA19091	male	EAS
HG04100	male	SAS
NA12890	female	EUR
NA19096	male	AFR
HG04131	male	SAS
NA18487	male	AFR
NA19104	male	AFR
HG04198	male	SAS
NA12763	female	EUR
NA19205	male	AFR
HG04206	male	SAS
NA12775	male	EUR
NA19224	male	AFR
HG04059	female	SAS
NA12802	female	EUR
NA19236	male	AFR
HG04061	male	SAS
NA12814	male	EUR
NA19027	male	AFR
HG04080	male	SAS
NA18545	female	EAS
NA19041	male	AFR
HG04136	female	SAS
NA18552	female	EAS
NA19046	male	AFR
HG04148	female	SAS
NA18557	male	EAS
NA19072	male	EAS
HG04150	female	SAS
NA18564	female	EAS
NA19077	female	EAS
HG04225	male	SAS
NA18571	female	EAS
NA19084	female	EAS
HG04302	male	EUR
NA18576	female	EAS
NA19058	male	EAS
NA12344	male	EUR
NA18595	female	EAS
NA19060	male	EAS
NA12375	male	EUR
NA18603	male	EAS
NA19065	female	EAS
NA12399	male	EUR
NA18608	male	EAS
NA19010	female	EAS
NA12414	female	EUR
NA18610	female	EAS
NA19678	female	AMR
NA12546	male	EUR
NA18615	female	EAS
NA19680	female	AMR
NA12717	female	EUR
NA18622	male	EAS
NA19685	male	AMR
NA12748	male	EUR
NA18526	female	EAS
NA19700	male	AFR
NA11930	male	EUR
NA18533	female	EAS
NA19705	male	AFR
NA11992	male	EUR
NA18538	female	EAS
NA19399	female	AFR
NA12003	male	EUR
NA18874	male	AFR
NA19438	female	AFR
NA12046	female	EUR
NA18879	male	AFR
NA19440	female	AFR
NA12058	female	EUR
NA18881	female	AFR
NA19445	female	AFR
NA12154	male	EUR
NA18906	female	AFR
NA19469	female	AFR
NA12750	male	EUR
NA18913	male	AFR
NA19471	female	AFR
NA12762	male	EUR
NA18855	female	AFR
NA19654	female	AMR
NA12767	female	EUR
NA18862	male	AFR
NA19248	male	AFR
NA12801	male	EUR
NA18867	female	AFR
NA19313	female	AFR
NA12813	female	EUR
NA18627	female	EAS
NA19659	female	AMR
NA12818	female	EUR
NA18634	female	EAS
NA19661	male	AMR
NA18498	male	AFR
NA18639	male	EAS
NA19382	male	AFR
NA18501	male	AFR
NA18641	female	EAS
NA19394	male	AFR
NA18506	male	AFR
NA18963	female	EAS
NA19318	male	AFR
NA18518	female	AFR
NA18968	female	EAS
NA19320	female	AFR
NA18520	female	AFR
NA18970	male	EAS
NA19332	female	AFR
NA07340	female	EUR
NA18975	female	EAS
NA19452	male	AFR
NA07345	female	EUR
NA18994	male	EAS
NA19457	female	AFR
NA07357	male	EUR
NA18999	female	EAS
NA19351	female	AFR
NA10831	female	EUR
NA19000	male	EAS
NA19375	male	AFR
NA10836	female	EUR
NA19005	male	EAS
NA19712	female	AFR
NA12832	female	EUR
NA18925	male	AFR
NA19717	male	AMR
NA12875	female	EUR
NA18944	male	EAS
NA19724	male	AMR
NA18486	male	AFR
NA18949	female	EAS
NA19729	male	AMR
NA12248	male	EUR
NA18951	female	EAS
NA19731	female	AMR
NA12274	male	EUR
NA18956	female	EAS
NA20322	female	AFR
NA12286	male	EUR
NA18646	female	EAS
NA20334	female	AFR
NA10843	female	EUR
NA18747	male	EAS
NA20339	female	AFR
NA10850	female	EUR
NA18982	male	EAS
NA20341	female	AFR
NA10855	female	EUR
NA18987	female	EAS
NA20346	male	AFR
NA11839	male	EUR
NA19207	male	AFR
NA19902	female	AFR
NA11891	male	EUR
NA19214	female	AFR
NA19914	female	AFR
NA18917	male	AFR
NA19221	female	AFR
NA19919	male	AFR
NA18924	female	AFR
NA19226	male	AFR
NA19921	female	AFR
NA18943	male	EAS
NA19238	female	AFR
NA19983	female	AFR
NA18602	female	EAS
NA19240	female	AFR
NA19762	male	AMR
NA18614	female	EAS
NA19113	male	AFR
NA19774	male	AMR
NA18619	female	EAS
NA19118	female	AFR
NA19779	female	AMR
NA18621	male	EAS
NA19120	male	AFR
NA19781	female	AMR
NA18626	female	EAS
NA19132	female	AFR
NA19786	male	AMR
NA18633	male	EAS
NA19137	female	AFR
NA19798	male	AMR
NA18638	male	EAS
NA19093	female	AFR
NA19818	male	AFR
NA18640	female	EAS
NA19098	male	AFR
NA19748	female	AMR
NA18873	female	AFR
NA19101	male	AFR
NA19750	male	AMR
NA18878	female	AFR
NA19144	male	AFR
NA19755	female	AMR
NA18912	female	AFR
NA19149	female	AFR
NA20276	female	AFR
NA18570	female	EAS
NA19151	female	AFR
NA20288	male	AFR
NA18582	female	EAS
NA19175	male	AFR
NA20290	female	AFR
NA18599	female	EAS
NA19199	female	AFR
NA20358	male	AFR
NA18525	female	EAS
NA19202	female	AFR
NA20360	male	AFR
NA18532	female	EAS
NA19031	male	AFR
NA20295	male	AFR
NA18537	female	EAS
NA19036	female	AFR
NA20529	female	EUR
NA18854	male	AFR
NA19043	male	AFR
NA20531	female	EUR
NA18859	male	AFR
NA19055	male	EAS
NA20536	male	EUR
NA18861	female	AFR
NA19012	male	EAS
NA20543	male	EUR
NA18544	male	EAS
NA19017	female	AFR
NA20581	male	EUR
NA18549	male	EAS
NA19024	female	AFR
NA20586	male	EUR
NA18563	male	EAS
NA19079	male	EAS
NA20752	male	EUR
NA18645	male	EAS
NA19081	female	EAS
NA20790	female	EUR
NA18791	male	EAS
NA19086	male	EAS
NA20795	female	EUR
NA19004	male	EAS
NA19062	male	EAS
NA20803	male	EUR
NA19009	male	EAS
NA19067	male	EAS
NA20808	female	EUR
NA19011	female	EAS
NA19074	female	EAS
NA20810	male	EUR
NA19023	female	AFR
NA19473	female	AFR
NA20815	male	EUR
NA19092	male	AFR
NA19625	female	AFR
NA20757	female	EUR
NA19097	female	AFR
NA19649	male	AMR
NA20764	female	EUR
NA19100	female	AFR
NA19651	female	AMR
NA20769	female	EUR
NA19105	female	AFR
NA19656	female	AMR
NA20771	female	EUR
NA19028	male	AFR
NA19252	male	AFR
NA20783	male	EUR
NA19030	female	AFR
NA19257	female	AFR
NA20505	female	EUR
NA19035	male	AFR
NA19308	male	AFR
NA20512	male	EUR
NA19042	female	AFR
NA19310	female	AFR
NA20517	female	EUR
NA19054	female	EAS
NA19404	female	AFR
NA20524	male	EUR
NA18962	male	EAS
NA19428	male	AFR
NA20889	male	SAS
NA18967	male	EAS
NA19430	male	AFR
NA20891	male	SAS
NA18974	male	EAS
NA19435	female	AFR
NA20896	female	SAS
NA18948	male	EAS
NA19315	female	AFR
NA20904	male	SAS
NA18950	female	EAS
NA19327	female	AFR
NA20909	male	SAS
NA18955	male	EAS
NA19334	male	AFR
NA20911	male	SAS
NA19078	female	EAS
NA19346	male	AFR
NA20822	female	EUR
NA19080	female	EAS
NA19682	male	AMR
NA20827	male	EUR
NA19085	male	EAS
NA19702	male	AFR
NA20846	male	SAS
NA18979	female	EAS
NA19707	female	AFR
NA20872	female	SAS
NA18981	female	EAS
NA19663	female	AMR
NA20877	female	SAS
NA18986	male	EAS
NA19670	male	AMR
NA20884	male	SAS
NA18993	female	EAS
NA19675	female	AMR
NA20853	female	SAS
NA18998	female	EAS
NA19384	male	AFR
NA20858	male	SAS
NA19059	female	EAS
NA19391	female	AFR
NA21135	male	SAS
NA19066	male	EAS
NA19396	female	AFR
NA21142	female	SAS
NA19174	male	AFR
NA19360	male	AFR
SC_GMJOL5309890	female	AFR
NA19186	male	AFR
NA19372	male	AFR
SC_GMFUL5306413	male	AFR
NA19198	male	AFR
NA19377	female	AFR
SC_GMFUL5309722	female	AFR
NA19201	female	AFR
NA19454	male	AFR
SC_GMFUL5306374	male	AFR
NA19206	female	AFR
NA19461	male	AFR
SC_GMFUL5306398	male	AFR
NA19213	male	AFR
NA19466	male	AFR
SC_GMFUL5306406	female	AFR
NA19225	female	AFR
NA19788	female	AMR
SC_GMFUL5306343	female	AFR
NA19237	female	AFR
NA19790	female	AMR
NA21104	male	SAS
NA19117	male	AFR
NA19795	male	AMR
NA21109	male	SAS
NA19129	female	AFR
NA19834	male	AFR
NA21111	male	SAS
NA19131	female	AFR
NA19904	male	AFR
NA21116	male	SAS
NA19249	male	AFR
NA19714	female	AFR
SC_GMJOL5309922	male	AFR
NA19256	male	AFR
NA19719	female	AMR
SC_GMFUL5306362	male	AFR
NA19307	male	AFR
NA19721	female	AMR
SC_GMJOL5309939	female	AFR
NA19143	female	AFR
NA19726	male	AMR
SC_GMFUL5306418	male	AFR
NA19148	female	AFR
NA19733	female	AMR
NA21123	male	SAS
NA19150	male	AFR
NA19909	female	AFR
NA21128	male	SAS
NA19338	female	AFR
NA19916	male	AFR
NA21130	male	SAS
NA19352	male	AFR
NA19923	female	AFR
SC_GMFUL5306355	female	AFR
NA19371	male	AFR
NA19985	female	AFR
SC_GMFUL5309708	male	AFR
NA19376	male	AFR
NA20127	female	AFR
SC_GMFUL5306379	female	AFR
NA19403	female	AFR
NA19764	female	AMR
NA21089	female	SAS
NA19434	female	AFR
NA19771	male	AMR
NA21091	male	SAS
NA19439	female	AFR
NA19776	female	AMR
SC_GMFUL5309741	female	AFR
NA19314	female	AFR
NA19783	male	AMR
SC_GMFUL5306432	female	AFR
NA19319	male	AFR
NA19738	male	AMR
SC_GMFUL5306367	male	AFR
NA19321	female	AFR
NA19740	female	AMR
SC_GMJOL5309941	male	AFR
NA19383	male	AFR
NA19752	female	AMR
SC_GMJOL5309965	female	AFR
NA19390	female	AFR
NA19757	male	AMR
SC_GMJOL5309934	female	AFR
NA19395	female	AFR
NA20348	male	AFR
SC_GMJOL5309958	female	AFR
NA19713	female	AFR
NA20350	male	AFR
SC_GMJOL5309821	female	AFR
NA19718	female	AMR
NA20355	female	AFR
SC_GMWOF5428762	male	AFR
NA19720	male	AMR
NA20362	male	AFR
SC_GMWOF5428731	male	AFR
NA19725	female	AMR
NA20297	male	AFR
SC_GMJOL5309953	male	AFR
NA19732	male	AMR
NA20300	female	AFR
SC_GMJOL5309977	male	AFR
NA19679	male	AMR
NA20312	female	AFR
SC_GMJOL5309819	female	AFR
NA19681	female	AMR
NA20317	female	AFR
SC_GMJOL5309895	female	AFR
NA19686	female	AMR
NA20278	male	AFR
SC_GMJOL5309903	male	AFR
NA19701	female	AFR
NA20285	male	AFR
SC_GMJOL5309927	male	AFR
NA19472	female	AFR
NA20292	female	AFR
SC_GMFUL5306348	male	AFR
NA19648	female	AMR
NA20336	female	AFR
SC_GMFUL5309789	female	AFR
NA19650	male	AMR
NA20343	male	AFR
SC_GMFUL5309710	male	AFR
NA19655	male	AMR
NA20778	male	EUR
SC_GMJOL5309883	female	AFR
NA19737	female	AMR
NA20785	male	EUR
SC_GMJOL5309852	male	AFR
NA19749	female	AMR
NA20792	male	EUR
SC_GMJOL5309876	male	AFR
NA19751	male	AMR
NA20797	female	EUR
SC_GMFUL5309703	male	AFR
NA19756	male	AMR
NA20800	female	EUR
SC_GMFUL5306420	male	AFR
NA19763	female	AMR
NA20805	male	EUR
SC_GMJOL5309960	female	AFR
NA19770	female	AMR
NA20812	male	EUR
SC_GMJOL5309984	female	AFR
NA19775	female	AMR
NA20413	male	AFR
SC_GMJOL5309972	male	AFR
NA19782	female	AMR
NA20502	female	EUR
SC_GMMAN5482171	female	AFR
NA19908	male	AFR
NA20507	female	EUR
SC_GMMAN5482241	male	AFR
NA19915	male	AFR
NA20514	female	EUR
SC_GMMAN5482195	female	AFR
NA19922	male	AFR
NA20519	male	EUR
SC_GMMAN5482203	male	AFR
NA19984	male	AFR
NA20521	male	EUR
SC_GMMAN5482227	male	AFR
NA19787	male	AMR
NA20526	female	EUR
SC_GMMAN5482164	female	AFR
NA19794	female	AMR
NA20533	female	EUR
SC_GMWOF5428755	male	AFR
NA19819	female	AFR
NA20538	male	EUR
SC_GMWOF5428724	male	AFR
NA19446	female	AFR
NA20540	female	EUR
SC_GMWOF5428748	male	AFR
NA19453	male	AFR
NA20588	male	EUR
SC_GMWOF5428736	male	AFR
NA19662	female	AMR
NA20754	male	EUR
SC_GMWOF5428705	male	AFR
NA19674	male	AMR
NA20759	male	EUR
SC_GMWOF5428863	female	AFR
NA20532	male	EUR
NA20761	female	EUR
SC_GMWOF5428832	male	AFR
NA20537	male	EUR
NA20766	female	EUR
SC_GMWOF5428825	female	AFR
NA20544	male	EUR
NA20773	female	EUR
SC_GMWOF5428849	female	AFR
NA20582	female	EUR
NA20898	male	SAS
SC_GMMAN5482215	female	AFR
NA20587	female	EUR
NA20901	male	SAS
SC_GMMAN5482239	male	AFR
NA20753	female	EUR
NA20906	female	SAS
SC_GMMAN5482176	female	AFR
NA20126	male	AFR
NA20874	female	SAS
SC_GMWOF5428729	female	AFR
NA20277	female	AFR
NA20879	female	SAS
SC_GMWOF5428786	male	AFR
NA20284	male	AFR
NA20881	female	SAS
SC_GMWOF5428818	female	AFR
NA20289	female	AFR
NA20886	female	SAS
SC_GMWOF5428882	male	AFR
NA20291	male	AFR
NA20893	female	SAS
SC_GMMAN5482234	male	AFR
NA20796	male	EUR
NA20829	male	EUR
SC_GMWOF5428820	female	AFR
NA20804	female	EUR
NA20831	male	EUR
SC_GMWOF5428813	male	AFR
NA20809	male	EUR
NA20850	male	SAS
SC_GMWOF5428851	male	AFR
NA20811	male	EUR
NA20862	female	SAS
SC_GMWOF5428875	male	AFR
NA20816	male	EUR
NA20867	male	SAS
SC_GMWOF5428798	female	AFR
NA20506	female	EUR
NA21137	female	SAS
SC_GMWOF5428806	male	AFR
NA20513	male	EUR
NA21144	female	SAS
SC_GMMAN5482309	male	AFR
NA20518	male	EUR
SC_GMJOL5309898	male	AFR
NA18524	male	EAS
NA20520	male	EUR
SC_GMJOL5309906	female	AFR
NA18529	female	EAS
NA20525	male	EUR
SC_GMFUL5306346	male	AFR
HGDP00001	male	
NA20347	male	AFR
NA21101	female	SAS
HGDP00013	male	
NA20359	female	AFR
NA21106	female	SAS
SC_GMMAN5482323	male	AFR
NA20361	female	AFR
NA21113	male	SAS
SC_GMMAN5482260	male	AFR
NA20412	female	AFR
NA21118	male	SAS
SC_GMMAN5482284	female	AFR
NA20758	male	EUR
NA21120	female	SAS
SC_GMMAN5482316	female	AFR
NA20760	female	EUR
NA21125	female	SAS
SC_GMMAN5482258	female	AFR
NA20765	male	EUR
NA21086	female	SAS
SC_GMMAN5482291	female	AFR
NA20772	female	EUR
NA21093	male	SAS
SC_GMMAN5482208	male	AFR
NA20828	female	EUR
NA21098	male	SAS
SC_GMMAN5482169	female	AFR
NA20847	female	SAS
SC_GMFUL5306416	male	AFR
HGDP00049	male	
NA20335	male	AFR
SC_GMFUL5306411	male	AFR
HGDP00056	male	
NA20342	male	AFR
SC_GMFUL5306353	male	AFR
HGDP00068	male	
NA20296	female	AFR
SC_GMFUL5309756	male	AFR
HGDP00070	male	
NA20316	male	AFR
SC_GMFUL5309701	male	AFR
HGDP00082	male	
NA21143	female	SAS
SC_GMFUL5309725	female	AFR
HGDP00094	male	
SC_GMFUL5306354	female	AFR
SC_GMFUL5306360	female	AFR
HGDP00099	male	
SC_GMJOL5309914	female	AFR
SC_GMFUL5309763	female	AFR
HGDP00102	male	
NA20854	female	SAS
SC_GMFUL5306339	female	AFR
HGDP00133	male	
NA20859	female	SAS
SC_GMFUL5306391	female	AFR
HGDP00140	male	
NA20861	male	SAS
SC_GMFUL5306423	male	AFR
HGDP00145	male	
NA20866	male	SAS
SC_GMFUL5306389	male	AFR
HGDP00025	male	
SC_GMJOL5309899	male	AFR
SC_GMFUL5309718	female	AFR
HGDP00037	male	
SC_GMJOL5309907	female	AFR
SC_GMFUL5306377	male	AFR
HGDP00119	male	
SC_GMFUL5306378	female	AFR
SC_GMFUL5306396	male	AFR
HGDP00121	male	
SC_GMFUL5306397	male	AFR
SC_GMFUL5306404	female	AFR
HGDP00412	male	
NA20873	male	SAS
SC_GMFUL5306428	female	AFR
HGDP00417	male	
NA20878	female	SAS
SC_GMJOL5309797	female	AFR
HGDP00450	male	
NA20885	male	SAS
SC_GMJOL5309805	male	AFR
HGDP00455	male	
NA21117	male	SAS
SC_GMJOL5309829	male	AFR
HGDP00479	male	
NA21124	male	SAS
SC_GMWOF5428715	female	AFR
HGDP00513	female	
NA21129	male	SAS
SC_GMFUL5306341	male	AFR
HGDP00518	male	
NA21092	male	SAS
SC_GMJOL5309963	male	AFR
HGDP00520	female	
NA21097	female	SAS
SC_GMJOL5309956	female	AFR
HGDP00304	female	
NA21100	male	SAS
SC_GMJOL5309913	female	AFR
HGDP00309	male	
NA20892	female	SAS
SC_GMJOL5309937	male	AFR
HGDP00311	male	
NA20897	male	SAS
SC_GMJOL5309843	female	AFR
HGDP00323	female	
NA20900	female	SAS
SC_GMJOL5309982	female	AFR
HGDP00330	male	
NA20905	male	SAS
SC_GMJOL5309951	male	AFR
HGDP00222	male	
NA21105	male	SAS
SC_GMJOL5309975	male	AFR
HGDP00234	male	
NA21112	male	SAS
SC_GMJOL5309920	female	AFR
HGDP00239	female	
SC_GMFUL5306405	female	AFR
SC_GMJOL5309944	male	AFR
HGDP00241	male	
SC_GMFUL5306429	female	AFR
SC_GMJOL5309968	male	AFR
HGDP00359	male	
SC_GMFUL5309738	female	AFR
SC_GMJOL5309867	female	AFR
HGDP00392	male	
SC_GMFUL5306366	male	AFR
SC_GMJOL5309812	female	AFR
HGDP00397	male	
SC_GMJOL5309971	male	AFR
SC_GMJOL5309836	female	AFR
HGDP00258	male	
SC_GMJOL5309940	male	AFR
SC_GMJOL5309925	male	AFR
HGDP00277	male	
SC_GMJOL5309964	female	AFR
SC_GMJOL5309949	male	AFR
HGDP00183	male	
SC_GMJOL5309933	female	AFR
SC_GMJOL5309918	female	AFR
HGDP00210	female	
SC_GMFUL5306392	male	AFR
SC_GMWOF5428739	female	AFR
HGDP00169	male	
SC_GMFUL5306400	male	AFR
SC_GMWOF5428708	male	AFR
HGDP00171	male	
SC_GMFUL5309733	male	AFR
SC_GMMAN5482180	male	AFR
HGDP00462	male	
SC_GMFUL5306424	male	AFR
SC_GMMAN5482212	female	AFR
HGDP00467	male	
SC_GMFUL5306385	female	AFR
SC_GMMAN5482236	male	AFR
HGDP00544	female	
SC_GMFUL5309719	female	AFR
SC_GMMAN5482173	female	AFR
HGDP00549	male	
SC_GMFUL5306412	female	AFR
SC_GMMAN5482197	female	AFR
HGDP00551	male	
SC_GMFUL5306361	female	AFR
SC_GMMAN5482205	male	AFR
HGDP00556	male	
SC_GMFUL5309702	female	AFR
SC_GMWOF5428796	female	AFR
HGDP00669	female	
SC_GMJOL5309919	male	AFR
SC_GMWOF5428804	male	AFR
HGDP00671	male	
SC_GMJOL5309983	female	AFR
SC_GMWOF5428828	male	AFR
HGDP00676	male	
SC_GMJOL5309957	female	AFR
SC_GMWOF5428789	male	AFR
HGDP00594	male	
SC_GMJOL5309926	male	AFR
SC_GMWOF5428861	male	AFR
HGDP00599	male	
SC_GMFUL5306347	male	AFR
SC_GMWOF5428866	female	AFR
HGDP00602	male	
SC_GMFUL5309764	female	AFR
SC_GMWOF5428811	female	AFR
HGDP00607	female	
SC_GMFUL5306359	female	AFR
SC_GMWOF5428835	male	AFR
HGDP00614	female	
SC_GMFUL5306431	female	AFR
SC_GMWOF5428859	male	AFR
HGDP00619	male	
SC_GMJOL5309875	male	AFR
SC_GMWOF5428830	male	AFR
HGDP00621	male	
SC_GMJOL5309820	female	AFR
SC_GMWOF5428854	male	AFR
HGDP00626	male	
SC_GMJOL5309844	male	AFR
SC_GMWOF5428823	female	AFR
HGDP00645	male	
SC_GMJOL5309868	male	AFR
SC_GMMAN5482229	male	AFR
HGDP00664	female	
SC_GMJOL5309813	female	AFR
SC_GMMAN5482231	male	AFR
HGDP00575	female	
SC_GMJOL5309837	female	AFR
SC_GMMAN5482255	male	AFR
HGDP00582	female	
SC_GMWOF5428778	male	AFR
SC_GMWOF5428873	female	AFR
HGDP00587	female	
SC_GMWOF5428723	male	AFR
SC_GMMAN5482178	male	AFR
HGDP00638	female	
SC_GMWOF5428812	female	AFR
SC_GMWOF5428847	female	AFR
HGDP00640	male	
SC_GMWOF5428797	female	AFR
SC_GMWOF5428816	male	AFR
HGDP00563	female	
SC_GMWOF5428805	male	AFR
SC_GMMAN5482250	male	AFR
HGDP00568	female	
SC_GMWOF5428829	male	AFR
SC_GMMAN5482243	female	AFR
HGDP00525	male	
SC_GMJOL5309945	male	AFR
SC_GMWOF5428842	female	AFR
HGDP00537	female	
SC_GMJOL5309969	female	AFR
SC_GMMAN5482293	female	AFR
HGDP00739	female	
SC_GMJOL5309851	male	AFR
SC_GMMAN5482301	male	AFR
HGDP00741	female	
SC_GMJOL5309952	male	AFR
NA18540	female	EAS
HGDP00746	female	
SC_GMJOL5309976	male	AFR
HGDP00003	male	
HGDP00753	male	
SC_GMJOL5309921	male	AFR
SC_GMMAN5482192	female	AFR
HGDP00703	male	
SC_GMWOF5428747	male	AFR
SC_GMMAN5482200	female	AFR
HGDP00708	female	
SC_GMWOF5428716	female	AFR
SC_GMMAN5482224	female	AFR
HGDP00710	male	
SC_GMWOF5428728	male	AFR
SC_GMMAN5482248	female	AFR
HGDP00715	male	
SC_GMWOF5428874	male	AFR
SC_GMMAN5482185	male	AFR
HGDP00772	female	
SC_GMWOF5428843	female	AFR
SC_GMMAN5482217	female	AFR
HGDP00777	male	
SC_GMWOF5428867	female	AFR
SC_GMMAN5482274	male	AFR
HGDP00784	female	
SC_GMWOF5428831	male	AFR
SC_GMMAN5482298	male	AFR
HGDP00791	male	
SC_GMWOF5428855	male	AFR
SC_GMMAN5482306	male	AFR
HGDP00683	female	
SC_GMWOF5428850	male	AFR
SC_GMMAN5482332	male	AFR
HGDP00688	female	
SC_GMWOF5428879	male	AFR
HGDP00015	male	
HGDP00690	female	
SC_GMWOF5428792	female	AFR
HGDP00039	male	
HGDP00823	male	
SC_GMWOF5428800	female	AFR
HGDP00041	male	
HGDP00828	male	
SC_GMWOF5428824	female	AFR
HGDP00072	male	
HGDP00758	male	
SC_GMWOF5428817	male	AFR
HGDP00096	male	
HGDP00760	female	
SC_GMMAN5482292	female	AFR
HGDP00130	male	
HGDP00765	female	
SC_GMMAN5482300	male	AFR
HGDP00135	male	
HGDP00804	male	
SC_GMMAN5482324	male	AFR
HGDP00104	male	
HGDP00811	female	
SC_GMMAN5482348	male	AFR
HGDP00109	male	
HGDP00854	female	
SC_GMMAN5482285	female	AFR
HGDP00060	male	
HGDP00859	female	
SC_GMMAN5482191	male	AFR
HGDP00402	male	
HGDP00861	female	
SC_GMMAN5482223	female	AFR
HGDP00407	male	
HGDP00727	male	
SC_GMMAN5482247	female	AFR
HGDP00433	male	
HGDP00734	male	
SC_GMMAN5482184	male	AFR
HGDP00438	male	
HGDP00974	female	
SC_GMMAN5482228	male	AFR
HGDP00445	male	
HGDP00981	male	
SC_GMMAN5482165	female	AFR
HGDP00452	male	
HGDP00986	male	
SC_GMMAN5482189	female	AFR
HGDP00243	male	
HGDP00993	male	
SC_GMMAN5482211	male	AFR
HGDP00248	male	
HGDP00943	male	
SC_GMMAN5482235	female	AFR
HGDP00262	male	
HGDP00948	male	
SC_GMMAN5482172	female	AFR
HGDP00274	female	
HGDP00950	male	
SC_GMMAN5482216	male	AFR
HGDP00279	male	
HGDP00873	female	
SC_GMMAN5482177	female	AFR
HGDP00281	male	
HGDP00880	male	
SC_GMMAN5482209	male	AFR
HGDP00173	male	
HGDP00885	female	
SC_GMWOF5428906	male	AFR
HGDP00185	male	
HGDP00905	male	
SC_GMMAN5482242	female	AFR
HGDP00192	female	
HGDP00912	male	
NA18594	female	EAS
HGDP00197	male	
HGDP00917	female	
HGDP00007	male	
HGDP00205	male	
HGDP01009	male	
SC_GMMAN5482266	female	AFR
HGDP00464	male	
HGDP01023	female	
HGDP00108	male	
HGDP00469	male	
HGDP00892	male	
HGDP00110	male	
HGDP00471	female	
HGDP00897	male	
HGDP00115	male	
HGDP00351	male	
HGDP00900	male	
HGDP00122	male	
HGDP00356	female	
HGDP00955	female	
HGDP00127	male	
HGDP00382	male	
HGDP00962	male	
HGDP00247	female	
HGDP00490	male	
HGDP00967	female	
HGDP00254	male	
HGDP00515	male	
HGDP00924	female	
HGDP00259	male	
HGDP00154	female	
HGDP00929	male	
HGDP00285	male	
HGDP00161	male	
HGDP00931	male	
HGDP00134	male	
HGDP00298	female	
HGDP01059	male	
HGDP00139	male	
HGDP00313	male	
HGDP01268	male	
HGDP00141	male	
HGDP00224	male	
HGDP01270	female	
HGDP00146	male	
HGDP00539	female	
HGDP01275	female	
HGDP00076	male	
HGDP00541	male	
HGDP01282	male	
HGDP00088	male	
HGDP00546	male	
HGDP01287	female	
HGDP00103	male	
HGDP00553	male	
HGDP01232	female	
HGDP00153	female	
HGDP00642	male	
HGDP01237	male	
HGDP00158	male	
HGDP00647	female	
HGDP01244	male	
HGDP00165	male	
HGDP00654	male	
HGDP01249	male	
HGDP00052	male	
HGDP00661	female	
HGDP01251	female	
HGDP00057	male	
HGDP00591	female	
HGDP01155	male	
HGDP00064	male	
HGDP00604	male	
HGDP01162	male	
HGDP00177	male	
HGDP00609	male	
HGDP01167	male	
HGDP00189	male	
HGDP00558	female	
HGDP01174	male	
HGDP00191	male	
HGDP00560	female	
HGDP01201	female	
HGDP00021	male	
HGDP00565	female	
HGDP01206	male	
HGDP00033	male	
HGDP00572	female	
HGDP01213	male	
HGDP00045	male	
HGDP00628	male	
HGDP01092	male	
HGDP00228	male	
HGDP00630	male	
HGDP01097	male	
HGDP00230	male	
HGDP00635	female	
HGDP01100	male	
HGDP00545	male	
HGDP00522	male	
HGDP01218	male	
HGDP00557	female	
HGDP00527	female	
HGDP01220	male	
HGDP00538	male	
HGDP00534	female	
HGDP01225	male	
HGDP00540	male	
HGDP00611	male	
HGDP01181	male	
HGDP00463	male	
HGDP00623	male	
HGDP01186	male	
HGDP00468	male	
HGDP00577	female	
HGDP01193	male	
HGDP00470	male	
HGDP00584	female	
HGDP01256	male	
HGDP00475	male	
HGDP00666	male	
HGDP01263	male	
HGDP00576	male	
HGDP00673	female	
HGDP01066	male	
HGDP00583	female	
HGDP00832	female	
HGDP01073	male	
HGDP00588	male	
HGDP00837	male	
HGDP01408	male	
HGDP00590	female	
HGDP00849	male	
HGDP01415	male	
HGDP00595	male	
HGDP00856	male	
HGDP01333	male	
HGDP00608	male	
HGDP00863	female	
HGDP00195	female	
HGDP00610	male	
HGDP00697	female	
NA21490	male	
HGDP00615	female	
HGDP00700	female	
HGDP01078	female	
HGDP00622	male	
HGDP00712	female	
HGDP01035	male	
HGDP00627	male	
HGDP00678	male	
HGDP01294	male	
HGDP00564	female	
HGDP00680	female	
HGDP01299	male	
HGDP00571	female	
HGDP00685	female	
HGDP01302	male	
HGDP00514	female	
HGDP00692	female	
HGDP01383	male	
HGDP00519	male	
HGDP00736	female	
HGDP01388	female	
HGDP00444	female	
HGDP00748	male	
HGDP01403	male	
HGDP00684	female	
HGDP00750	male	
HGDP01369	female	
HGDP00689	female	
HGDP00724	male	
HGDP01371	male	
HGDP00691	female	
HGDP00729	male	
HGDP01376	male	
HGDP00696	female	
HGDP00731	male	
HGDP01319	male	
HGDP00704	female	
HGDP00774	male	
HGDP01321	male	
HGDP00711	male	
HGDP00779	male	
HGDP01326	male	
HGDP00716	male	
HGDP00781	female	
HGDP01352	male	
HGDP00723	male	
HGDP00786	male	
HGDP01357	male	
HGDP00730	male	
HGDP00755	male	
HGDP01340	male	
HGDP00735	female	
HGDP00762	male	
Bu5	male	
HGDP00672	female	
HGDP00767	male	
Kor82	female	
HGDP00677	male	
HGDP00813	female	
CHI-034	female	
HGDP00634	female	
HGDP00818	female	
NA17386	male	
HGDP00639	male	
HGDP00820	female	
HGDP01028	male	
HGDP00641	male	
HGDP00806	female	
HGDP00208	male	
HGDP00759	male	
HGDP00969	male	
HGDP01338	male	
HGDP00761	female	
HGDP00971	male	
SAH41	male	
HGDP00766	male	
HGDP00976	female	
HGDP00796	female	
HGDP00646	female	
HGDP00983	male	
HGDP01047	male	
HGDP00653	female	
HGDP00938	female	
iran17	male	
HGDP00747	male	
HGDP00940	male	
SA0722	female	
HGDP00754	female	
HGDP00945	male	
Nlk3	female	
HGDP00780	male	
HGDP00952	male	
mg27	male	
HGDP00797	female	
HGDP00899	female	
ALB212	female	
HGDP00800	female	
HGDP00902	female	
lez49	male	
HGDP00805	female	
HGDP00907	male	
abh100	male	
HGDP00812	female	
HGDP00914	female	
AV-21	female	
HGDP00918	female	
HGDP00868	female	
HGDP00936	male	
HGDP00920	female	
HGDP00870	female	
IraqiJew1771	female	
HGDP00925	female	
HGDP00875	female	
Nesk_25	female	
HGDP00937	male	
HGDP00882	male	
HGDP01364	male	
HGDP00886	male	
HGDP00995	female	
HGDP00157	female	
HGDP00893	male	
HGDP01001	female	
zapo0099	male	
HGDP00898	female	
HGDP01006	female	
mixa0105	female	
HGDP00901	female	
HGDP01013	male	
HGDP01345	female	
HGDP00963	female	
HGDP00919	male	
HGDP00722	male	
HGDP00968	male	
HGDP00926	female	
HGDP01314	female	
HGDP00970	female	
HGDP00933	female	
HGDP00328	male	
HGDP00944	male	
HGDP01037	male	
NA15203	female	
HGDP00949	male	
HGDP01051	female	
HGDP00474	male	
HGDP00843	male	
HGDP01056	female	
DNK05	male	
HGDP00862	female	
HGDP00957	female	
ch113	male	
HGDP00906	male	
HGDP00964	male	
NA11201	female	
HGDP00913	male	
HGDP00894	male	
Jordan445	male	
HGDP00879	male	
HGDP01075	male	
SA0342	female	
HGDP00881	female	
HGDP01087	male	
HGDP01030	male	
HGDP00817	female	
HGDP01094	male	
NA17374	male	
HGDP00994	male	
HGDP01099	male	
Bishkek28439	female	
HGDP00999	female	
HGDP01102	male	
HGDP01198	female	
HGDP01024	female	
HGDP01152	male	
Kayseri23827	male	
HGDP01029	male	
HGDP01157	female	
HGDP01179	male	
HGDP01031	male	
HGDP01164	male	
HGDP01043	male	
HGDP01169	female	
HGDP01050	male	
HGDP01171	female	
HGDP01055	male	
HGDP01183	male	
HGDP01081	male	
HGDP01190	male	
HGDP01086	male	
HGDP01258	male	
HGDP01101	male	
HGDP01260	male	
HGDP01202	male	
HGDP01265	male	
HGDP01207	male	
HGDP01063	male	
HGDP01214	male	
HGDP01068	female	
HGDP01149	male	
HGDP01070	female	
HGDP01151	male	
HGDP01234	female	
HGDP01156	female	
HGDP01239	female	
HGDP01219	female	
HGDP01241	male	
HGDP01221	male	
HGDP01222	female	
HGDP01226	male	
HGDP01227	male	
HGDP01062	female	
HGDP01195	male	
HGDP01067	male	
HGDP01208	male	
HGDP01074	female	
HGDP01272	male	
HGDP01182	male	
HGDP01277	female	
HGDP01187	male	
Ayodo_81S	female	
HGDP01194	male	
NA21581	male	
HGDP00975	female	
Jordan214	male	
HGDP01269	male	
HGDP00887	male	
HGDP01271	male	
Sir26	male	
HGDP01276	female	
HGDP01400	female	
HGDP01283	male	
HGDP01405	male	
HGDP01288	male	
HGDP01412	male	
HGDP01290	male	
HGDP01347	male	
HGDP01295	male	
HGDP01354	female	
HGDP01303	male	
HGDP01359	male	
HGDP01334	female	
HGDP01361	male	
HGDP01339	male	
HGDP01304	male	
HGDP01341	male	
HGDP01309	male	
HGDP01346	female	
HGDP01311	male	
HGDP01353	male	
HGDP01316	female	
HGDP01358	male	
HGDP01380	female	
HGDP01360	male	
HGDP01385	male	
HGDP01233	male	
HGDP01397	male	
HGDP01238	female	
HGDP01289	male	
HGDP01245	male	
HGDP01291	female	
HGDP01384	female	
HGDP01296	male	
HGDP01396	male	
HGDP01328	male	
HGDP01404	male	
HGDP01330	male	
HGDP01310	male	
HGDP01342	male	
HGDP01322	male	
HGDP01366	female	
HGDP01327	male	
HGDP01373	female	
HGDP01257	male	
HGDP01378	male	
HGDP01264	male	
HGDP01417	male	
HGDP01372	male	
HGDP01188	female	
HGDP01377	male	
Kusunda02	male	
HGDP01411	male	
HGDP01203	male	
HGDP01416	male	
Sir19	male	
HGDP00090	male	
Igor20	female	
HGDP00569	female	
HGDP00058	male	
HGDP01012	male	
Ale32	male	
NA15761	female	
DNK07	male	
YemeniteJew5433	male	
HGDP00457	male	
HGDP01199	male	
HGDP01044	female	
HGDP01315	female	
HGDP01335	female	
CHI-007	male	
HGDP01032	male	
HGDP00449	male	
I1	male	
HGDP00019	male	
HGDP00027	male	
Igor21	male	
mg31	male	
Utsa22	male	
Utsa21	female	
HGDP00533	male	
HGDP01018	female	
HGDP00526	female	
HGDP01246	male	
HGDP01168	female	
Mansi41	female	
HGDP00552	female	
HGDP00798	male	
HGDP00956	female	
NorthOssetia12	male	
HGDP01240	male	
HGDP00616	male	
mixe0042	female	
M4	male	
HGDP00216	male	
HGDP00286	female	
NA15728	male	
HGDP01323	female	
K4	male	
Ale20	female	
Bu16	male	
Ayodo_502C	female	
HGDP00987	male	
Nesk_22	female	
HGDP00932	male	
HGDP01253	male	
armenia293	male	
HGDP00476	female	
HGDP01098	female	
HGDP01215	female	
HGDP00160	male	
Kayseri24424	female	
Bishkek28440	male	
Sir40	female	
HGDP01163	male	
Tuba9	female	
HGDP00951	male	
Y8	male	
HGDP01036	male	
HGDP00717	male	
HGDP01365	female	
Dus16	female	
Sam02	male	
tdj430_shugnan	male	
HGDP01079	male	
SAH31	male	
NOR111	female	
B11	male	
NA12236	female	EUR
YemeniteJew4695	female	
HGDP00785	male	
HGDP00855	female	
Kusunda15	male	
HGDP00660	female	
HGDP01308	male	
Dus22	female	
Est400	male	
HGDP00773	female	
R3	male	
NA13607	male	
HGDP00982	male	
HG00106	female	EUR
HG00113	male	EUR
HG00118	female	EUR
HG00120	female	EUR
HG00098	male	EUR
HG00101	male	EUR
HG00339	female	EUR
HG00341	male	EUR
HG00346	female	EUR
HG00353	female	EUR
HG00358	male	EUR
HG00360	male	EUR
HG00365	female	EUR
HG00372	male	EUR
HG00377	female	EUR
HG00384	female	EUR
HG00404	female	EAS
HG00409	male	EAS
HG00411	male	EAS
HG00423	female	EAS
HG00428	female	EAS
HG00442	male	EAS
HG00182	male	EUR
HG00187	male	EUR
HG00233	female	EUR
HG00238	female	EUR
HG00240	female	EUR
HG00269	female	EUR
HG00271	male	EUR
HG00276	female	EUR
HG00288	female	EUR
HG00290	male	EUR
HG00303	male	EUR
HG00144	female	EUR
HG00149	male	EUR
HG00151	male	EUR
HG00156	male	EUR
HG00308	male	EUR
HG00310	male	EUR
HG00315	female	EUR
HG00327	female	EUR
HG00334	female	EUR
HG00245	female	EUR
HG00252	male	EUR
HG00257	female	EUR
HG00264	male	EUR
HG00125	female	EUR
HG00132	female	EUR
HG00137	female	EUR
HG00480	male	EAS
HG00500	male	EAS
HG00512	male	EAS
HG00524	male	EAS
HG00531	female	EAS
HG00536	male	EAS
HG00543	female	EAS
HG00675	female	EAS
HG00694	male	EAS
HG00699	female	EAS
HG00702	female	EAS
HG00707	male	EAS
HG00733	female	AMR
HG00738	male	AMR
HG00740	female	AMR
HG00620	female	EAS
HG00625	male	EAS
HG00632	female	EAS
HG00637	male	AMR
HG00447	female	EAS
HG00459	male	EAS
HG00473	female	EAS
HG00478	male	EAS
HG00555	female	AMR
HG00567	male	EAS
HG00579	female	EAS
HG00581	female	EAS
HG00651	female	EAS
HG00656	male	EAS
HG00663	female	EAS
HG00593	female	EAS
HG00598	male	EAS
HG00613	male	EAS
HG00978	female	EAS
HG01192	male	AMR
HG01197	male	AMR
HG01200	male	AMR
HG01205	female	AMR
HG01243	male	AMR
HG00174	female	EUR
HG01248	female	AMR
HG00179	female	EUR
HG01250	male	AMR
HG00181	male	EUR
HG01274	male	AMR
HG00186	male	EUR
HG01279	female	AMR
HG00232	female	EUR
HG01281	female	AMR
HG00237	female	EUR
HG01286	male	AMR
HG00124	female	EUR
HG01301	female	AMR
HG00129	male	EUR
HG01104	male	AMR
HG00131	male	EUR
HG01109	male	AMR
HG00136	male	EUR
HG01111	female	AMR
HG00143	male	EUR
HG01123	female	AMR
HG00148	male	EUR
HG01130	male	AMR
HG00150	female	EUR
HG01135	male	AMR
HG00155	male	EUR
HG01142	male	AMR
HG00105	male	EUR
HG01161	male	AMR
HG00112	male	EUR
HG01046	female	EAS
HG00117	male	EUR
HG01053	female	AMR
HG00097	female	EUR
HG01058	female	AMR
HG00100	female	EUR
HG01060	male	AMR
HG01072	male	AMR
HG01077	female	AMR
HG01084	female	AMR
HG01089	female	AMR
HG01096	male	AMR
HG00554	female	AMR
HG01173	male	AMR
HG00559	male	EAS
HG01178	male	AMR
HG00561	female	EAS
HG01255	male	AMR
HG00566	female	EAS
HG01495	female	AMR
HG00578	female	EAS
HG01503	male	EUR
HG00580	male	EAS
HG01508	male	EUR
HG00369	male	EUR
HG01433	male	AMR
HG00371	male	EUR
HG01438	female	AMR
HG00376	female	EUR
HG01440	male	AMR
HG00383	female	EUR
HG01445	male	AMR
HG00403	male	EAS
HG01452	male	AMR
HG00408	female	EAS
HG01349	female	AMR
HG00453	female	EAS
HG01351	female	AMR
HG00458	female	EAS
HG01356	male	AMR
HG00465	male	EAS
HG01363	female	AMR
HG00472	male	EAS
HG01510	female	EUR
HG00477	male	EAS
HG01515	male	EUR
HG00410	female	EAS
HG01522	female	EUR
HG00422	female	EAS
HG01457	male	AMR
HG00427	male	EAS
HG01464	male	AMR
HG00446	female	EAS
HG01471	female	AMR
HG00244	male	EUR
HG01483	female	AMR
HG00249	female	EUR
HG01488	male	AMR
HG00251	male	EUR
HG01490	female	AMR
HG00256	male	EUR
HG01325	male	AMR
HG00263	female	EUR
HG01344	male	AMR
HG00530	male	EAS
HG01375	female	AMR
HG00535	male	EAS
HG01394	female	AMR
HG00542	male	EAS
HG01402	male	AMR
HG00268	female	EUR
HG01414	female	AMR
HG00270	female	EUR
HG01572	female	AMR
HG00275	female	EUR
HG01577	male	AMR
HG00282	female	EUR
HG01589	male	SAS
HG00302	female	EUR
HG01596	male	EAS
HG00338	male	EUR
HG01678	male	EUR
HG00345	male	EUR
HG01680	male	EUR
HG00357	female	EUR
HG01685	female	EUR
HG00364	female	EUR
HG01697	female	EUR
HG00319	female	EUR
HG01616	female	EUR
HG00321	male	EUR
HG01623	female	EUR
HG00326	female	EUR
HG01628	female	EUR
HG00718	male	EAS
HG01527	male	EUR
HG00732	female	AMR
HG01565	male	AMR
HG00737	female	AMR
HG01767	male	EUR
HG00693	female	EAS
HG01774	male	EUR
HG00698	male	EAS
HG01779	female	EUR
HG00701	male	EAS
HG01748	male	EUR
HG00706	male	EAS
HG01755	female	EUR
HG00585	female	EAS
HG01762	female	EUR
HG00592	male	EAS
HG01630	male	EUR
HG00597	female	EAS
HG01673	female	EUR
HG00600	female	EAS
HG01700	male	EUR
HG00612	female	EAS
HG01705	male	EUR
HG00650	male	EAS
HG01604	female	EUR
HG00655	female	EAS
HG01609	male	EUR
HG00662	male	EAS
HG01611	male	EUR
HG00674	male	EAS
HG01914	male	AFR
HG00624	male	EAS
HG01919	female	AMR
HG00629	female	EAS
HG01921	female	AMR
HG00631	male	EAS
HG01926	male	AMR
HG00636	male	EAS
HG01868	female	EAS
HG01083	female	AMR
HG01870	female	EAS
HG01088	male	AMR
HG01882	male	AFR
HG01090	male	AMR
HG01933	female	AMR
HG01095	female	AMR
HG01938	male	AMR
HG01064	female	AMR
HG01940	female	AMR
HG01069	male	AMR
HG01813	female	EAS
HG01071	female	AMR
HG01844	male	EAS
HG01052	female	AMR
HG01849	male	EAS
HG00864	female	EAS
HG01781	male	EUR
HG01103	female	AMR
HG01786	female	EUR
HG01108	female	AMR
HG01887	male	AFR
HG01110	male	AMR
HG01894	female	AFR
HG01122	female	AMR
HG01798	female	EAS
HG01367	female	AMR
HG01801	female	EAS
HG01374	male	AMR
HG01806	female	EAS
HG01379	female	AMR
HG01945	female	AMR
HG01393	female	AMR
HG01851	female	EAS
HG01191	female	AMR
HG01863	female	EAS
HG01204	male	AMR
HG02102	female	AMR
HG01242	female	AMR
HG02107	male	AFR
HG01247	male	AMR
HG02121	female	EAS
HG01254	female	AMR
HG02126	female	EAS
HG01259	male	AMR
HG02006	female	AMR
HG01261	male	AMR
HG02013	male	AFR
HG01273	male	AMR
HG02018	female	EAS
HG01348	female	AMR
HG02049	female	EAS
HG01350	male	AMR
HG02051	male	AFR
HG01355	female	AMR
HG02056	male	EAS
HG01362	male	AMR
HG02020	male	EAS
HG01172	male	AMR
HG02025	female	EAS
HG01177	female	AMR
HG02032	male	EAS
HG01184	female	AMR
HG01988	male	AFR
HG01189	male	AMR
HG01990	male	AFR
HG01278	female	AMR
HG01995	female	AMR
HG01280	male	AMR
HG02068	female	EAS
HG01305	male	AMR
HG02070	male	EAS
HG01134	female	AMR
HG02075	female	EAS
HG01139	male	AMR
HG01971	female	AMR
HG01141	female	AMR
HG01976	female	AMR
HG01312	female	AMR
HG01983	female	AMR
HG01324	female	AMR
HG02082	male	EAS
HG01343	female	AMR
HG02087	female	EAS
HG01571	male	AMR
HG01952	male	AMR
HG01583	male	SAS
HG01969	female	AMR
HG01590	female	SAS
HG02188	female	EAS
HG01595	female	EAS
HG02190	female	EAS
HG01494	male	AMR
HG02215	female	EUR
HG01499	male	AMR
HG02222	female	EUR
HG01502	male	EUR
HG02253	male	AMR
HG01507	female	EUR
HG02258	male	AFR
HG01514	female	EUR
HG02260	female	AMR
HG01519	female	EUR
HG02265	male	AMR
HG01521	male	EUR
HG02272	female	AMR
HG01526	male	EUR
HG02277	male	AMR
HG01432	female	AMR
HG02284	male	AFR
HG01437	male	AMR
HG02309	female	AFR
HG01444	female	AMR
HG02316	male	AFR
HG01456	female	AMR
HG02323	male	AFR
HG01463	female	AMR
HG02330	male	AFR
HG01468	female	AMR
HG02133	female	EAS
HG01603	male	EUR
HG02138	male	EAS
HG01608	male	EUR
HG02140	female	EAS
HG01610	male	EUR
HG02145	male	AFR
HG01398	male	AMR
HG02152	female	EAS
HG01413	male	AMR
HG02291	male	AMR
HG01538	female	EUR
HG02304	male	AMR
HG01552	male	AMR
HG02234	male	EUR
HG01482	male	AMR
HG02239	female	EUR
HG01487	female	AMR
HG02164	female	EAS
HG01780	male	EUR
HG02169	female	EAS
HG01785	male	EUR
HG02176	female	EAS
HG01797	female	EAS
HG02513	female	EAS
HG01817	female	EAS
HG02525	female	EAS
HG01843	female	EAS
HG02537	female	AFR
HG01848	female	EAS
HG02462	female	AFR
HG01850	female	EAS
HG02479	female	AFR
HG01766	female	EUR
HG02481	male	AFR
HG01773	female	EUR
HG02549	female	AFR
HG01778	male	EUR
HG02563	male	AFR
HG01711	female	EUR
HG02568	female	AFR
HG01747	male	EUR
HG02429	male	AFR
HG01761	male	EUR
HG02436	male	AFR
HG01677	female	EUR
HG02450	female	AFR
HG01684	female	EUR
HG02455	male	AFR
HG01696	male	EUR
HG02486	male	AFR
HG01615	male	EUR
HG02493	male	SAS
HG01622	female	EUR
HG02501	male	AFR
HG01627	male	EUR
HG02373	male	EAS
HG01704	female	EUR
HG02380	male	EAS
HG01709	male	EUR
HG02385	male	EAS
HG01800	female	EAS
HG02392	male	EAS
HG01805	female	EAS
HG02397	male	EAS
HG01812	female	EAS
HG02405	male	EAS
HG01672	male	EUR
HG02347	male	AMR
HG01867	male	EAS
HG02703	female	AFR
HG01874	female	EAS
HG02715	male	AFR
HG01879	male	AFR
HG02722	female	AFR
HG01881	female	AFR
HG02727	male	SAS
HG01886	female	AFR
HG02734	female	SAS
HG01893	female	AMR
HG02758	female	AFR
HG01898	female	AMR
HG02760	female	AFR
HG01944	male	AMR
HG02570	male	AFR
HG01949	female	AMR
HG02575	male	AFR
HG01951	female	AMR
HG02582	male	AFR
HG01918	female	AMR
HG02587	female	AFR
HG01920	male	AMR
HG02594	male	AFR
HG01925	female	AMR
HG02599	male	SAS
HG01970	male	AMR
HG02602	male	SAS
HG01975	female	AMR
HG02676	female	AFR
HG01982	male	AMR
HG02683	female	SAS
HG01956	female	AFR
HG02688	female	SAS
HG01968	female	AMR
HG02690	male	SAS
HG01932	male	AMR
HG02652	female	SAS
HG01937	male	AMR
HG02657	male	SAS
HG01855	female	EAS
HG02614	female	AFR
HG01862	female	EAS
HG02621	female	AFR
HG01987	male	AFR
HG02645	male	AFR
HG02106	female	AMR
HG02924	male	AFR
HG02113	female	EAS
HG02943	female	AFR
HG02120	male	EAS
HG02948	male	AFR
HG02048	female	EAS
HG02979	female	AFR
HG02050	male	EAS
HG02981	male	AFR
HG02055	male	AFR
HG03009	male	SAS
HG02024	female	EAS
HG03016	female	SAS
HG02029	male	EAS
HG02854	male	AFR
HG02031	female	EAS
HG02861	female	AFR
HG02079	male	EAS
HG02878	male	AFR
HG02081	female	EAS
HG02880	female	AFR
HG02086	female	EAS
HG02804	male	AFR
HG02012	female	AFR
HG02809	female	AFR
HG02017	male	EAS
HG02811	female	AFR
HG02144	female	AFR
HG02816	male	AFR
HG02151	female	EAS
HG03023	male	SAS
HG02156	female	EAS
HG03028	female	AFR
HG02168	female	EAS
HG03035	male	AFR
HG02170	female	EAS
HG02784	female	SAS
HG02182	female	EAS
HG02789	male	SAS
HG02067	male	EAS
HG02791	male	SAS
HG02074	male	EAS
HG02885	female	AFR
HG02132	male	EAS
HG02892	male	AFR
HG02137	male	EAS
HG02897	female	AFR
HG02334	male	AFR
HG02772	female	AFR
HG02339	female	AFR
HG02974	female	AFR
HG02353	male	EAS
HG03078	male	AFR
HG02187	female	EAS
HG03080	female	AFR
HG02219	male	EUR
HG03085	female	AFR
HG02221	male	EUR
HG03097	female	AFR
HG02271	male	AMR
HG03100	male	AFR
HG02276	female	AMR
HG03105	female	AFR
HG02283	male	AFR
HG03112	male	AFR
HG02358	male	EAS
HG03059	male	AFR
HG02360	male	EAS
HG03061	female	AFR
HG02372	male	EAS
HG03066	male	AFR
HG02377	male	EAS
HG03073	female	AFR
HG02233	male	EUR
HG03117	female	AFR
HG02238	male	EUR
HG03124	male	AFR
HG02240	female	EUR
HG03129	female	AFR
HG02384	male	EAS
HG03047	female	AFR
HG02389	male	EAS
HG03054	male	AFR
HG02391	male	EAS
HG03225	male	AFR
HG02396	male	EAS
HG03237	male	SAS
HG02308	female	AFR
HG03193	male	AFR
HG02315	female	AFR
HG03198	female	AFR
HG02322	female	AFR
HG03131	male	AFR
HG02252	female	AMR
HG03136	male	AFR
HG02257	female	AFR
HG03162	female	AFR
HG02288	male	AMR
HG03167	male	AFR
HG02303	female	AMR
HG03249	male	AFR
HG02466	male	AFR
HG03251	female	AFR
HG02478	male	AFR
HG03268	male	AFR
HG02480	female	AFR
HG03270	female	AFR
HG02485	female	AFR
HG03371	male	AFR
HG02574	female	AFR
HG03376	male	AFR
HG02586	female	AFR
HG03383	female	AFR
HG02492	male	SAS
HG03388	male	AFR
HG02497	female	AFR
HG03453	female	AFR
HG02505	female	AFR
HG03458	female	AFR
HG02512	male	EAS
HG03460	male	AFR
HG02524	male	EAS
HG03465	male	AFR
HG02536	male	AFR
HG03472	male	AFR
HG02428	male	AFR
HG03477	male	AFR
HG02442	male	AFR
HG03484	male	AFR
HG02461	male	AFR
HG03294	female	AFR
HG02555	female	AFR
HG03299	male	AFR
HG02562	female	AFR
HG03302	male	AFR
HG02567	male	AFR
HG03390	male	AFR
HG02613	male	AFR
HG03408	male	AFR
HG02620	male	AFR
HG03410	female	AFR
HG02625	male	AFR
HG03352	male	AFR
HG02601	female	SAS
HG03369	female	AFR
HG02409	male	EAS
HG03439	male	AFR
HG02783	male	SAS
HG03446	female	AFR
HG02788	female	SAS
HG03307	male	AFR
HG02790	female	SAS
HG03314	male	AFR
HG02687	male	SAS
HG03667	male	SAS
HG02694	female	SAS
HG03679	male	SAS
HG02699	male	SAS
HG03681	male	SAS
HG02702	male	AFR
HG03686	male	SAS
HG02764	male	AFR
HG03489	male	SAS
HG02769	female	AFR
HG03491	female	SAS
HG02771	male	AFR
HG03511	female	AFR
HG02776	female	SAS
HG03516	female	AFR
HG02733	male	SAS
HG03624	male	SAS
HG02738	male	SAS
HG03629	male	SAS
HG02757	female	AFR
HG03631	female	SAS
HG02668	male	AFR
HG03636	male	SAS
HG02675	male	AFR
HG03693	male	SAS
HG02682	female	SAS
HG03698	female	SAS
HG02721	male	AFR
HG03701	male	SAS
HG02726	female	SAS
HG03559	male	AFR
HG02808	female	AFR
HG03566	female	AFR
HG02810	male	AFR
HG03578	female	AFR
HG02815	male	AFR
HG03600	male	SAS
HG02644	male	AFR
HG03605	female	SAS
HG02649	female	SAS
HG03617	female	SAS
HG02651	male	SAS
HG03643	female	SAS
HG02656	male	SAS
HG03650	female	SAS
HG03022	female	SAS
HG03585	male	SAS
HG03027	male	AFR
HG03547	male	AFR
HG03034	female	AFR
HG03826	female	SAS
HG03039	male	AFR
HG03833	male	SAS
HG02884	male	AFR
HG03838	female	SAS
HG02889	female	AFR
HG03840	male	SAS
HG02891	female	AFR
HG03718	male	SAS
HG02896	female	AFR
HG03720	male	SAS
HG03058	female	AFR
HG03725	male	SAS
HG03060	male	AFR
HG03732	male	SAS
HG03065	male	AFR
HG03807	female	SAS
HG03072	male	AFR
HG03814	female	SAS
HG02980	male	AFR
HG03821	male	SAS
HG03008	male	SAS
HG03775	male	SAS
HG03015	male	SAS
HG03782	female	SAS
HG03041	female	AFR
HG03787	female	SAS
HG03046	female	AFR
HG03794	male	SAS
HG03053	female	AFR
HG03799	female	SAS
HG02954	male	AFR
HG03802	female	SAS
HG02966	male	AFR
HG03706	female	SAS
HG02973	male	AFR
HG03713	male	SAS
HG02978	female	AFR
HG03763	male	SAS
HG02923	male	AFR
HG03770	female	SAS
HG02942	male	AFR
HG03744	male	SAS
HG02947	male	AFR
HG03756	female	SAS
HG02853	male	AFR
HG03845	male	SAS
HG02860	male	AFR
HG03857	female	SAS
HG02839	male	AFR
HG03864	male	SAS
HG02841	female	AFR
HG03869	male	SAS
HG03197	male	AFR
HG03871	male	SAS
HG03200	female	AFR
HG03876	male	SAS
HG03212	female	AFR
HG03903	female	SAS
HG03224	male	AFR
HG03908	male	SAS
HG03077	male	AFR
HG03910	female	SAS
HG03084	male	AFR
HG03915	female	SAS
HG03091	female	AFR
HG03939	female	SAS
HG03096	male	AFR
HG03941	male	SAS
HG03248	male	AFR
HG03953	male	SAS
HG03250	female	AFR
HG04014	female	SAS
HG03267	female	AFR
HG04019	male	SAS
HG03279	female	AFR
HG04026	female	SAS
HG03293	male	AFR
HG04033	male	SAS
HG03298	male	AFR
HG03922	female	SAS
HG03301	male	AFR
HG03927	female	SAS
HG03104	female	AFR
HG03934	female	SAS
HG03109	male	AFR
HG03960	male	SAS
HG03111	female	AFR
HG03965	male	SAS
HG03116	female	AFR
HG03972	female	SAS
HG03123	female	AFR
HG03977	female	SAS
HG03128	male	AFR
HG03989	female	SAS
HG03130	male	AFR
HG03991	male	SAS
HG03135	female	AFR
HG04002	male	SAS
HG03159	female	AFR
HG03888	female	SAS
HG03161	male	AFR
HG03890	male	SAS
HG03229	female	SAS
HG03895	female	SAS
HG03236	female	SAS
HG04038	female	SAS
HG03166	male	AFR
HG04040	male	SAS
HG03173	male	AFR
NA06989	female	EUR
HG03488	female	SAS
NA06991	female	EUR
HG03490	male	SAS
NA07014	female	EUR
HG03508	female	AFR
NA07019	female	EUR
HG03510	female	AFR
NA07045	female	EUR
HG03515	male	AFR
HG04228	male	SAS
HG03433	male	AFR
HG04235	male	SAS
HG03438	female	AFR
NA06984	male	EUR
HG03445	male	AFR
HG04204	male	SAS
HG03452	female	AFR
HG04209	female	SAS
HG03344	male	AFR
HG04211	male	SAS
HG03351	female	AFR
HG04216	female	SAS
HG03363	female	AFR
HG04115	male	SAS
HG03368	male	AFR
HG04122	male	SAS
HG03394	male	AFR
HG04127	male	SAS
HG03399	male	AFR
HG04134	male	SAS
HG03402	female	AFR
HG04158	male	SAS
HG03419	female	AFR
HG04160	male	SAS
HG03469	male	AFR
HG04177	female	SAS
HG03471	male	AFR
HG04141	female	SAS
HG03476	female	AFR
HG04146	male	SAS
HG03522	female	AFR
HG04153	female	SAS
HG03539	female	AFR
HG04184	female	SAS
HG03370	male	AFR
HG04189	female	SAS
HG03382	male	AFR
HG04191	male	SAS
HG03457	male	AFR
NA07348	female	EUR
HG03464	female	AFR
NA10839	female	EUR
HG03306	female	AFR
HG04076	female	SAS
HG03313	male	AFR
HG04090	female	SAS
HG03558	female	AFR
NA11933	female	EUR
HG03565	male	AFR
NA11995	female	EUR
HG03572	female	AFR
NA12006	female	EUR
HG03577	male	AFR
NA12044	female	EUR
HG03692	female	SAS
NA12056	male	EUR
HG03697	male	SAS
NA12145	female	EUR
HG03700	female	SAS
NA12234	female	EUR
HG03584	female	AFR
NA12239	female	EUR
HG03589	female	SAS
NA12842	male	EUR
HG03596	male	SAS
NA12873	female	EUR
HG03673	female	SAS
NA12878	female	EUR
HG03680	male	SAS
NA12892	female	EUR
HG03685	male	SAS
NA18484	female	AFR
HG03604	female	SAS
NA18489	female	AFR
HG03611	female	SAS
NA12753	female	EUR
HG03616	female	SAS
NA12760	male	EUR
HG03635	female	SAS
NA12777	male	EUR
HG03642	female	SAS
NA12828	female	EUR
HG03717	female	SAS
NA12830	female	EUR
HG03729	male	SAS
NA10865	male	EUR
HG03731	female	SAS
NA11832	female	EUR
HG03705	male	SAS
NA11882	female	EUR
HG03654	male	SAS
NA11894	female	EUR
HG03882	female	SAS
NA11919	male	EUR
HG03887	male	SAS
NA12272	male	EUR
HG03894	female	SAS
NA12335	male	EUR
HG03899	male	SAS
NA12342	male	EUR
HG03825	female	SAS
NA12347	male	EUR
HG03832	female	SAS
NA18504	male	AFR
HG03837	male	SAS
NA18509	male	AFR
HG03736	female	SAS
NA18511	female	AFR
HG03743	male	SAS
NA18516	male	AFR
HG03750	male	SAS
NA18523	female	AFR
HG03755	male	SAS
NA12400	female	EUR
HG03774	female	SAS
NA12708	female	EUR
HG03779	male	SAS
NA12739	male	EUR
HG03781	female	SAS
NA18528	female	EAS
HG03786	male	SAS
NA18530	male	EAS
HG03793	female	SAS
NA18535	female	EAS
HG03798	male	SAS
NA18542	female	EAS
HG03801	female	SAS
NA10846	male	EUR
HG03844	male	SAS
NA10853	male	EUR
HG03849	female	SAS
NA10860	male	EUR
HG03851	male	SAS
NA18915	male	AFR
HG03856	male	SAS
NA18934	male	AFR
HG03863	female	SAS
NA18939	female	EAS
HG03868	female	SAS
NA18941	female	EAS
HG03870	male	SAS
NA18946	female	EAS
HG03875	male	SAS
NA18852	female	AFR
HG03762	female	SAS
NA18857	male	AFR
HG03767	male	SAS
NA18864	female	AFR
HG03806	male	SAS
NA18869	male	AFR
HG03813	female	SAS
NA18871	male	AFR
HG04063	female	SAS
NA18547	female	EAS
HG04070	female	SAS
NA18559	male	EAS
HG04075	female	SAS
NA18561	male	EAS
HG04094	male	SAS
NA18566	female	EAS
HG04099	female	SAS
NA18573	female	EAS
HG04107	male	SAS
NA18592	female	EAS
HG04114	male	SAS
NA18597	female	EAS
HG04133	female	SAS
NA18605	male	EAS
HG03988	male	SAS
NA18629	male	EAS
HG03990	male	SAS
NA18631	female	EAS
HG03995	female	SAS
NA18636	male	EAS
HG04001	female	SAS
NA18643	male	EAS
HG04006	male	SAS
NA18876	female	AFR
HG04018	female	SAS
NA18908	male	AFR
HG04020	male	SAS
NA18910	male	AFR
HG04025	female	SAS
NA18612	male	EAS
HG03902	male	SAS
NA18617	female	EAS
HG03907	female	SAS
NA18624	male	EAS
HG03914	male	SAS
NA18648	male	EAS
HG03940	female	SAS
NA18749	male	EAS
HG03945	female	SAS
NA18794	male	EAS
HG03919	female	SAS
NA18953	male	EAS
HG03926	male	SAS
NA18960	male	EAS
HG03969	male	SAS
NA19115	female	AFR
HG03971	male	SAS
NA19122	female	AFR
HG03976	male	SAS
NA19127	female	AFR
HG04037	female	SAS
NA19139	male	AFR
HG04056	male	SAS
NA19141	male	AFR
NA10864	female	EUR
NA19090	female	EAS
NA11829	male	EUR
NA19095	female	AFR
NA11831	male	EUR
NA19103	male	AFR
NA11843	male	EUR
NA19108	female	AFR
NA11881	male	EUR
NA19007	male	EAS
NA11893	male	EUR
NA19019	female	AFR
NA11918	female	EUR
NA19026	male	AFR
NA07056	female	EUR
NA18977	male	EAS
NA07347	male	EUR
NA18984	male	EAS
NA10838	male	EUR
NA18989	male	EAS
NA06995	male	EUR
NA19076	male	EAS
NA07037	female	EUR
NA19083	male	EAS
NA07051	male	EUR
NA19088	male	EAS
NA10840	female	EUR
NA19057	female	EAS
NA10845	male	EUR
NA19064	female	EAS
NA10852	female	EUR
NA18965	male	EAS
NA10857	male	EUR
NA18972	female	EAS
HG04157	male	SAS
NA18991	female	EAS
HG04164	male	SAS
NA19002	female	EAS
HG04171	female	SAS
NA19038	female	AFR
HG04176	male	SAS
NA19177	male	AFR
HG04222	male	SAS
NA19184	male	AFR
HG04227	female	SAS
NA19189	male	AFR
HG04239	male	SAS
NA19191	male	AFR
HG04183	female	SAS
NA19196	female	AFR
HG04188	male	SAS
NA19204	female	AFR
HG04195	female	SAS
NA19146	male	AFR
HG04208	female	SAS
NA19153	male	AFR
HG04210	male	SAS
NA19160	male	AFR
HG04215	male	SAS
NA19172	female	AFR
HG04140	male	SAS
NA19209	female	AFR
HG04152	male	SAS
NA19211	male	AFR
NA12865	female	EUR
NA19223	male	AFR
NA12872	male	EUR
NA19235	female	AFR
NA12877	male	EUR
NA19247	female	AFR
NA12889	male	EUR
NA19254	female	AFR
NA12891	male	EUR
NA19312	male	AFR
NA18488	female	AFR
NA19379	female	AFR
NA11920	female	EUR
NA19381	female	AFR
NA11932	male	EUR
NA19393	male	AFR
NA11994	male	EUR
NA19398	female	AFR
NA12005	male	EUR
NA19401	female	AFR
NA12043	male	EUR
NA19432	female	AFR
NA12144	male	EUR
NA19437	female	AFR
NA12156	female	EUR
NA19444	male	AFR
NA18522	male	AFR
NA19449	female	AFR
NA18527	female	EAS
NA19451	male	AFR
NA18534	male	EAS
NA19456	female	AFR
NA18539	female	EAS
NA19463	female	AFR
NA18541	female	EAS
NA19468	female	AFR
NA12752	male	EUR
NA19350	male	AFR
NA12776	female	EUR
NA19355	female	AFR
NA12815	female	EUR
NA19374	male	AFR
NA12827	male	EUR
NA19317	male	AFR
NA18503	male	AFR
NA19324	female	AFR
NA18508	female	AFR
NA19331	male	AFR
NA18510	male	AFR
NA19761	female	AMR
NA18515	male	AFR
NA19766	female	AMR
NA18546	male	EAS
NA19773	female	AMR
NA18553	female	EAS
NA19778	male	AMR
NA18558	male	EAS
NA19780	male	AMR
NA18560	female	EAS
NA19785	female	AMR
NA18565	female	EAS
NA19658	male	AMR
NA12264	male	EUR
NA19660	female	AMR
NA12283	female	EUR
NA19665	female	AMR
NA12341	female	EUR
NA19672	female	AMR
NA18572	male	EAS
NA19677	female	AMR
NA18577	female	EAS
NA19735	male	AMR
NA18591	female	EAS
NA19742	male	AMR
NA18596	female	EAS
NA19747	male	AMR
NA12485	male	EUR
NA19754	female	AMR
NA12707	male	EUR
NA19759	male	AMR
NA12740	female	EUR
NA19716	female	AMR
NA18914	male	AFR
NA19723	male	AMR
NA18933	female	AFR
NA19728	female	AMR
NA18940	male	EAS
NA19730	female	AMR
NA18945	male	EAS
NA19792	male	AMR
NA18856	male	AFR
NA19797	female	AMR
NA18863	male	AFR
NA19836	female	AFR
NA18868	male	AFR
NA19901	female	AFR
NA18870	female	AFR
NA19913	female	AFR
NA18609	male	EAS
NA19918	male	AFR
NA18611	male	EAS
NA19920	male	AFR
NA18616	female	EAS
NA19982	male	AFR
NA18623	male	EAS
NA19684	female	AMR
NA18628	female	EAS
NA19704	female	AFR
NA18630	female	EAS
NA19711	male	AFR
NA18635	male	EAS
NA19470	female	AFR
NA18642	female	EAS
NA19475	female	AFR
NA18875	female	AFR
NA19653	female	AMR
NA18907	female	AFR
NA20129	female	AFR
NA18976	female	EAS
NA20282	female	AFR
NA18983	male	EAS
NA20287	female	AFR
NA18988	male	EAS
NA20364	female	AFR
NA18964	female	EAS
NA20504	female	EUR
NA18969	female	EAS
NA20509	male	EUR
NA18971	male	EAS
NA20511	male	EUR
NA18647	male	EAS
NA20516	male	EUR
NA18748	male	EAS
NA20775	female	EUR
NA18952	male	EAS
NA20787	male	EUR
NA18957	female	EAS
NA20799	female	EUR
NA19114	female	AFR
NA20802	female	EUR
NA19119	male	AFR
NA20807	female	EUR
NA19121	male	AFR
NA20814	male	EUR
NA19138	male	AFR
NA20528	male	EUR
NA19094	female	AFR
NA20530	female	EUR
NA19099	female	AFR
NA20535	female	EUR
NA19102	female	AFR
NA20542	female	EUR
NA19107	male	AFR
NA20585	female	EUR
NA19140	female	AFR
NA20294	female	AFR
NA19145	male	AFR
NA20299	female	AFR
NA19152	female	AFR
NA20302	male	AFR
NA19171	male	AFR
NA20314	female	AFR
NA19176	female	AFR
NA20819	female	EUR
NA19190	female	AFR
NA20821	female	EUR
NA19195	male	AFR
NA20826	female	EUR
NA19203	male	AFR
NA20845	male	SAS
NA19056	male	EAS
NA20756	female	EUR
NA19063	male	EAS
NA20763	male	EUR
NA19068	male	EAS
NA20768	female	EUR
NA19070	male	EAS
NA20770	male	EUR
NA19037	female	AFR
NA20319	female	AFR
NA19044	male	AFR
NA20321	female	AFR
NA19006	male	EAS
NA20333	female	AFR
NA19020	male	AFR
NA20340	male	AFR
NA19025	male	AFR
NA20345	male	AFR
NA18990	male	EAS
NA20357	female	AFR
NA18995	male	EAS
NA20852	male	SAS
NA19001	female	EAS
NA20864	male	SAS
NA19075	male	EAS
NA20869	female	SAS
NA19082	male	EAS
NA20871	male	SAS
NA19087	female	EAS
NA20876	female	SAS
NA19208	male	AFR
NA20883	male	SAS
NA19210	male	AFR
NA20888	female	SAS
NA19215	female	AFR
NA20890	male	SAS
NA19222	female	AFR
NA20895	male	SAS
NA19239	male	AFR
NA20903	male	SAS
NA19657	female	AMR
NA20908	female	SAS
NA19664	male	AMR
NA20910	female	SAS
NA19669	female	AMR
SC_GMJOL5309930	female	AFR
NA19671	female	AMR
SC_GMJOL5309891	male	AFR
NA19676	male	AMR
SC_GMFUL5306370	male	AFR
NA19429	male	AFR
SC_GMFUL5306426	female	AFR
NA19431	female	AFR
NA21134	male	SAS
NA19436	female	AFR
NA21141	female	SAS
NA19443	male	AFR
NA21088	female	SAS
NA19378	female	AFR
NA21090	male	SAS
NA19380	male	AFR
NA21095	male	SAS
NA19385	male	AFR
NA21103	female	SAS
NA19397	male	AFR
NA21108	female	SAS
NA19258	male	AFR
NA21110	female	SAS
NA19309	male	AFR
NA21115	male	SAS
NA19311	male	AFR
NA21122	female	SAS
NA19347	male	AFR
NA21127	male	SAS
NA19359	male	AFR
SC_GMFUL5306421	male	AFR
NA19373	male	AFR
SC_GMFUL5309730	male	AFR
NA19474	female	AFR
SC_GMFUL5306382	female	AFR
NA19652	male	AMR
SC_GMFUL5306351	male	AFR
NA19448	male	AFR
SC_GMFUL5306375	male	AFR
NA19455	male	AFR
SC_GMFUL5306399	male	AFR
NA19462	female	AFR
SC_GMFUL5306407	female	AFR
NA19467	female	AFR
SC_GMFUL5306344	male	AFR
NA19316	female	AFR
SC_GMFUL5309747	male	AFR
NA19323	female	AFR
SC_GMFUL5309716	female	AFR
NA19328	female	AFR
SC_GMFUL5306363	male	AFR
NA19789	male	AMR
SC_GMJOL5309973	male	AFR
NA19796	male	AMR
SC_GMJOL5309942	male	AFR
NA19828	male	AFR
SC_GMJOL5309966	female	AFR
NA19835	female	AFR
SC_GMFUL5306349	male	AFR
NA19900	male	AFR
SC_GMFUL5309735	male	AFR
NA19734	female	AMR
SC_GMJOL5309980	female	AFR
NA19741	male	AMR
SC_GMFUL5306419	male	AFR
NA19746	female	AMR
SC_GMFUL5306356	female	AFR
NA19753	male	AMR
SC_GMFUL5309773	female	AFR
NA19758	female	AMR
SC_GMJOL5309896	female	AFR
NA20128	female	AFR
SC_GMJOL5309904	male	AFR
NA20274	female	AFR
SC_GMJOL5309928	male	AFR
NA20279	male	AFR
SC_GMJOL5309911	female	AFR
NA20281	male	AFR
SC_GMJOL5309935	female	AFR
NA20318	male	AFR
SC_GMJOL5309959	female	AFR
NA20320	female	AFR
SC_GMFUL5309709	male	AFR
NA20332	female	AFR
SC_GMFUL5306387	male	AFR
NA20337	female	AFR
SC_GMFUL5309711	male	AFR
NA19760	female	AMR
SC_GMWOF5428713	female	AFR
NA19772	male	AMR
SC_GMWOF5428737	female	AFR
NA19777	male	AMR
SC_GMWOF5428794	female	AFR
NA19784	male	AMR
SC_GMWOF5428802	male	AFR
NA19683	female	AMR
SC_GMWOF5428826	male	AFR
NA19703	male	AFR
SC_GMWOF5428763	female	AFR
NA19708	female	AFR
SC_GMWOF5428732	male	AFR
NA20298	male	AFR
SC_GMWOF5428744	female	AFR
NA20301	female	AFR
SC_GMJOL5309961	female	AFR
NA20313	female	AFR
SC_GMJOL5309985	female	AFR
NA19905	female	AFR
SC_GMJOL5309827	male	AFR
NA19917	female	AFR
SC_GMWOF5428814	female	AFR
NA19924	female	AFR
SC_GMWOF5428838	female	AFR
NA19722	female	AMR
SC_GMWOF5428787	male	AFR
NA19727	male	AMR
SC_GMWOF5428819	female	AFR
NA20363	female	AFR
SC_GMJOL5309884	female	AFR
NA20414	female	AFR
SC_GMWOF5428770	female	AFR
NA20503	female	EUR
SC_GMWOF5428871	female	AFR
NA20508	female	EUR
SC_GMWOF5428833	male	AFR
NA20510	male	EUR
SC_GMWOF5428821	female	AFR
NA20515	male	EUR
SC_GMWOF5428869	female	AFR
NA20774	female	EUR
SC_GMJOL5309860	female	AFR
NA20786	female	EUR
SC_GMWOF5428857	male	AFR
NA20798	male	EUR
SC_GMMAN5482170	female	AFR
NA20801	male	EUR
SC_GMMAN5482194	female	AFR
NA20806	male	EUR
SC_GMMAN5482202	male	AFR
NA20813	female	EUR
SC_GMMAN5482233	male	AFR
NA20522	female	EUR
SC_GMMAN5482290	female	AFR
NA20527	male	EUR
SC_GMMAN5482322	male	AFR
NA20534	male	EUR
SC_GMMAN5482283	female	AFR
NA20539	male	EUR
SC_GMMAN5482221	female	AFR
NA20541	female	EUR
SC_GMMAN5482199	female	AFR
NA20344	female	AFR
SC_GMMAN5482207	male	AFR
NA20349	male	AFR
SC_GMMAN5482168	female	AFR
NA20351	male	AFR
SC_GMMAN5482315	female	AFR
NA20356	male	AFR
SC_GMMAN5482276	male	AFR
NA20868	female	SAS
SC_GMMAN5482308	female	AFR
NA20870	male	SAS
SC_GMMAN5482163	male	AFR
NA20875	female	SAS
SC_GMMAN5482187	male	AFR
NA20882	female	SAS
SC_GMMAN5482219	female	AFR
NA20589	female	EUR
SC_GMMAN5482240	male	AFR
NA20755	male	EUR
SC_GMMAN5482252	male	AFR
NA20762	male	EUR
HGDP00017	male	
NA20767	male	EUR
HGDP00029	male	
NA20818	female	EUR
HGDP00031	male	
NA20832	female	EUR
HGDP00005	male	
NA20849	female	SAS
HGDP00149	male	
NA20851	female	SAS
HGDP00151	female	
NA20856	female	SAS
HGDP00163	male	
NA20863	male	SAS
HGDP00288	male	
NA20887	male	SAS
HGDP00290	male	
NA20894	female	SAS
HGDP00315	male	
NA21133	male	SAS
HGDP00106	male	
SC_GMFUL5306338	female	AFR
HGDP00118	male	
NA21114	male	SAS
HGDP00120	male	
NA21119	male	SAS
HGDP00175	male	
NA21121	female	SAS
HGDP00187	male	
NA21126	male	SAS
HGDP00199	male	
NA20899	female	SAS
HGDP00074	male	
NA20902	female	SAS
HGDP00086	male	
NA20907	female	SAS
HGDP00098	male	
SC_GMFUL5306352	male	AFR
HGDP00043	male	
SC_GMFUL5309755	male	AFR
HGDP00062	male	
SC_GMFUL5309700	female	AFR
HGDP00214	male	
SC_GMFUL5306371	male	AFR
HGDP00226	male	
NA21087	male	SAS
HGDP00137	male	
NA21094	male	SAS
HGDP00144	male	
NA21099	male	SAS
HGDP00264	male	
NA21102	female	SAS
HGDP00543	male	
NA21107	male	SAS
HGDP00550	female	
SC_GMFUL5306383	female	AFR
HGDP00555	male	
SC_GMFUL5306415	male	AFR
HGDP00473	male	
SC_GMFUL5306390	female	AFR
HGDP00478	male	
SC_GMFUL5306410	male	AFR
HGDP00512	male	
SC_GMFUL5306403	female	AFR
HGDP00517	female	
SC_GMFUL5306427	female	AFR
HGDP00574	female	
SC_GMFUL5306345	female	AFR
HGDP00579	female	
SC_GMFUL5306340	female	AFR
HGDP00581	female	
SC_GMFUL5309781	male	AFR
HGDP00586	female	
SC_GMJOL5309859	female	AFR
HGDP00524	female	
SC_GMJOL5309796	female	AFR
HGDP00529	female	
SC_GMJOL5309804	male	AFR
HGDP00531	female	
SC_GMJOL5309828	male	AFR
HGDP00536	female	
SC_GMFUL5309748	female	AFR
HGDP00423	male	
SC_GMFUL5309717	female	AFR
HGDP00454	male	
SC_GMFUL5306408	female	AFR
HGDP00341	male	
SC_GMFUL5306395	male	AFR
HGDP00346	male	
SC_GMFUL5306357	female	AFR
HGDP00372	male	
SC_GMJOL5309979	female	AFR
HGDP00598	male	
SC_GMJOL5309948	male	AFR
HGDP00601	female	
SC_GMJOL5309974	male	AFR
HGDP00606	female	
SC_GMJOL5309943	female	AFR
HGDP00562	male	
SC_GMJOL5309967	male	AFR
HGDP00567	female	
SC_GMJOL5309912	female	AFR
HGDP00459	male	
SC_GMJOL5309936	female	AFR
HGDP00466	male	
SC_GMJOL5309897	male	AFR
HGDP00663	female	
SC_GMJOL5309917	female	AFR
HGDP00668	male	
SC_GMJOL5309981	female	AFR
HGDP00670	male	
SC_GMJOL5309950	male	AFR
HGDP00675	male	
SC_GMJOL5309905	male	AFR
HGDP00719	female	
SC_GMJOL5309929	female	AFR
HGDP00721	female	
SC_GMJOL5309835	female	AFR
HGDP00726	male	
SC_GMFUL5306369	male	AFR
HGDP00733	male	
SC_GMFUL5306388	male	AFR
HGDP00738	female	
SC_GMWOF5428877	male	AFR
HGDP00740	female	
SC_GMWOF5428790	female	AFR
HGDP00745	female	
SC_GMWOF5428822	female	AFR
HGDP00752	male	
SC_GMWOF5428846	female	AFR
HGDP00694	female	
SC_GMWOF5428815	male	AFR
HGDP00699	female	
SC_GMWOF5428841	male	AFR
HGDP00714	male	
SC_GMWOF5428865	female	AFR
HGDP00613	female	
SC_GMMAN5482162	male	AFR
HGDP00618	male	
SC_GMMAN5482186	female	AFR
HGDP00620	male	
SC_GMWOF5428721	male	AFR
HGDP00625	male	
SC_GMWOF5428745	male	AFR
HGDP00644	male	
SC_GMWOF5428810	female	AFR
HGDP00649	female	
SC_GMWOF5428834	male	AFR
HGDP00651	female	
SC_GMWOF5428858	male	AFR
HGDP00682	female	
SC_GMWOF5428795	female	AFR
HGDP00687	female	
SC_GMWOF5428803	male	AFR
HGDP00632	female	
SC_GMWOF5428827	male	AFR
HGDP00637	female	
SC_GMWOF5428839	male	AFR
HGDP00757	male	
SC_GMWOF5428808	male	AFR
HGDP00764	male	
SC_GMWOF5428771	male	AFR
HGDP00788	male	
SC_GMWOF5428740	female	AFR
HGDP00790	male	
SC_GMWOF5428707	female	AFR
HGDP00795	male	
SC_GMWOF5428788	male	AFR
HGDP00803	male	
SC_GMMAN5482251	male	AFR
HGDP00808	male	
SC_GMMAN5482201	female	AFR
HGDP00884	female	
SC_GMMAN5482225	female	AFR
HGDP00889	female	
SC_GMMAN5482282	male	AFR
HGDP00891	male	
SC_GMMAN5482314	female	AFR
HGDP00896	male	
SC_GMMAN5482299	male	AFR
HGDP00916	female	
SC_GMMAN5482307	male	AFR
HGDP00930	male	
SC_GMMAN5482268	female	AFR
HGDP00935	female	
SC_GMMAN5482232	male	AFR
HGDP00810	male	
SC_GMMAN5482256	male	AFR
HGDP00815	male	
SC_GMMAN5482193	female	AFR
HGDP00822	male	
SC_GMMAN5482220	female	AFR
HGDP00769	male	
SC_GMMAN5482244	female	AFR
HGDP00771	female	
SC_GMMAN5482181	male	AFR
HGDP00776	female	
SC_GMMAN5482213	female	AFR
HGDP00904	male	
SC_GMMAN5482340	female	AFR
HGDP00909	female	
HGDP00009	male	
HGDP00911	male	
HGDP00011	male	
HGDP00865	female	
HGDP00023	male	
HGDP00872	female	
HGDP00035	male	
HGDP00877	male	
HGDP00047	male	
HGDP00942	male	
HGDP00054	male	
HGDP00947	male	
HGDP00066	male	
HGDP00858	female	
HGDP00078	male	
HGDP00860	female	
HGDP00080	male	
HGDP01173	male	
HGDP00092	male	
HGDP01180	male	
HGDP00326	male	
HGDP01185	male	
HGDP00333	male	
HGDP01192	male	
HGDP00364	male	
HGDP01027	female	
HGDP00371	female	
HGDP01041	female	
HGDP00376	male	
HGDP01053	female	
HGDP00388	male	
HGDP01058	female	
HGDP00206	female	
HGDP01197	female	
HGDP00213	male	
HGDP01200	male	
HGDP00218	male	
HGDP01205	male	
HGDP00237	female	
HGDP00954	male	
HGDP00148	male	
HGDP00959	female	
HGDP00150	male	
HGDP00961	male	
HGDP00155	female	
HGDP00966	female	
HGDP00167	male	
HGDP01104	male	
HGDP00129	male	
HGDP01161	male	
HGDP00131	male	
HGDP01166	male	
HGDP00136	male	
HGDP00973	male	
HGDP00143	male	
HGDP00985	male	
HGDP00302	male	
HGDP01060	male	
HGDP00307	male	
HGDP01065	female	
HGDP00319	male	
HGDP01072	female	
HGDP00321	male	
HGDP01077	male	
HGDP00179	male	
HGDP01096	male	
HGDP00181	male	
HGDP00992	male	
HGDP00201	male	
HGDP01010	female	
HGDP00100	male	
HGDP01212	female	
HGDP00105	male	
HGDP01217	male	
HGDP00244	female	
HGDP01224	male	
HGDP00251	male	
HGDP01229	male	
HGDP00453	male	
HGDP01248	male	
HGDP00542	male	
HGDP01255	male	
HGDP00547	male	
HGDP01262	male	
HGDP00472	male	
HGDP01231	female	
HGDP00491	male	
HGDP01236	male	
HGDP00511	male	
HGDP01243	male	
HGDP00516	female	
HGDP01363	female	
HGDP00573	female	
HGDP01368	female	
HGDP00578	female	
HGDP01370	male	
HGDP00580	male	
HGDP01375	male	
HGDP00629	male	
HGDP01301	male	
HGDP00631	male	
HGDP01313	male	
HGDP00636	female	
HGDP01318	male	
HGDP00458	male	
HGDP01293	male	
HGDP00460	male	
HGDP01298	male	
HGDP00465	male	
HGDP01349	male	
HGDP00559	female	
HGDP01351	male	
HGDP00561	female	
HGDP01356	female	
HGDP00566	female	
HGDP01267	female	
HGDP00523	female	
HGDP01279	male	
HGDP00528	male	
HGDP01332	male	
HGDP00535	female	
HGDP01337	male	
HGDP00612	female	
Ul31	female	
HGDP00624	male	
HGDP01344	male	
HGDP00600	male	
Mansi79	male	
HGDP00787	female	
HGDP01274	female	
HGDP00794	female	
HGDP01306	female	
HGDP00799	female	
HGDP01419	male	
HGDP00802	female	
Armenian222	male	
HGDP00807	male	
NorthOssetia5	male	
HGDP00643	female	
iran11	male	
HGDP00648	male	
HGDP00461	male	
HGDP00655	male	
BulgarianB4	male	
HGDP00662	male	
HGDP01402	male	
HGDP00667	female	
Est375	male	
HGDP00674	male	
ND19394	male	
HGDP00693	female	
HGDP01414	female	
HGDP00698	female	
NA11200	male	
HGDP00701	female	
TGBS21	male	
HGDP00720	male	
Ul5	female	
HGDP00732	male	
HGDP01382	female	
HGDP00744	female	
HGDP01387	female	
HGDP00751	male	
HGDP01399	female	
HGDP00679	female	
NA15202	male	
HGDP00686	female	
HGDP00656	female	
HGDP00768	male	
Nlk18	male	
HGDP00782	male	
HGDP01015	male	
HGDP00756	female	
IHW9193	male	
HGDP00763	male	
HGDP01286	male	
HGDP00972	female	
R6	male	
HGDP00977	male	
Ale22	male	
HGDP00984	male	
NA17385	male	
HGDP00939	female	
HGDP00702	female	
HGDP00941	male	
zapo0098	male	
HGDP00946	male	
HGDP00428	male	
HGDP00953	male	
DNK11	male	
HGDP00958	male	
TZ-11	male	
HGDP00960	male	
I3	male	
HGDP00965	male	
HGDP00125	male	
HGDP00883	male	
HGDP00548	male	
HGDP00888	male	
HGDP00928	female	
HGDP00890	male	
HGDP01320	male	
HGDP00895	male	
BulgarianC1	male	
HGDP00864	female	
HGDP01250	male	
HGDP00869	female	
HGDP00846	female	
HGDP00871	female	
HGDP01034	male	
HGDP00876	female	
Jordan603	male	
HGDP00814	female	
HGDP00783	female	
HGDP00819	male	
HGDP00821	male	
HGDP00838	female	
HGDP00845	male	
HGDP00908	male	
HGDP00910	female	
HGDP00934	female	
HGDP01177	female	
HGDP01184	male	
HGDP01189	male	
HGDP01057	male	
HGDP01064	female	
HGDP01069	male	
HGDP01071	male	
HGDP01014	female	
HGDP01019	male	
HGDP01021	female	
HGDP01209	female	
HGDP01216	male	
HGDP01196	female	
HGDP01204	male	
HGDP01033	male	
HGDP01230	male	
HGDP01090	male	
HGDP01103	male	
HGDP01247	male	
HGDP01254	female	
HGDP01259	male	
HGDP01261	male	
HGDP01379	male	
HGDP01381	female	
HGDP01386	female	
HGDP01398	female	
HGDP01300	male	
HGDP01305	female	
HGDP01317	male	
HGDP01285	male	
HGDP01292	male	
HGDP01406	male	
HGDP01413	male	
HGDP01418	male	
HGDP01266	male	
HGDP01273	female	
HGDP01280	female	
HGDP01362	male	
HGDP01367	female	
HGDP01374	male	
HGDP01329	male	
HGDP01331	male	
HGDP01336	female	
HGDP01348	male	
Y4	male	
altai363p	male	
ND15865	male	
HGDP01211	female	
Peru60	female	
NA00726	female	
HGDP00749	male	
HGDP01297	male	
HGDP01355	female	
HGDP00852	female	
HGDP01172	female	
NA13616	male	
HGDP00338	female	
HGDP01223	female	
HGDP00530	male	
HGDP00903	female	
KD4	male	
HGDP00124	male	
NA13604	male	
IHW9118	female	
HGDP01228	male	
HGDP00650	female	
B17	male	
HGDP01242	female	
lez42	male	
mixe0002	female	
NA17377	male	
HGDP00737	female	
HGDP01191	male	
HGDP00597	male	
mixe0007	female	
Tuba19	female	
NA15763	female	
HGDP00554	female	
K1	male	
HGDP00857	female	
HGDP00775	male	
HGDP01153	male	
HGDP00713	female	
HGDP00915	female	
HGDP01312	male	
tdj409_shugnan	male	
abh107	male	
HGDP01076	male	
HGDP00991	male	
HGDP01350	male	
Esk29	male	
Ayodo_430C	male	
HGDP00725	female	
HGDP00706	female	
Ale14	female	
mixa0099	male	
HGDP01401	female	
HGDP01095	male	
Nlk1	female	
HGDP00232	female	
IraqiJew4291	male	
